Study_code,Sample_ID,00940_Cl_mg_per_L,00945_SO4_mg_per_L_as_SO4,71851_NO3_mg_per_L_as_NO3,71856_NO2_mg_per_L_as_NO2,00950_F_mg_per_L
S19S,S19S_0001_ANI-1,1.33,10,0.32,Below_Range_Less_Than_0.04,0.06
S19S,S19S_0001_ANI-2,1.34,9.71,0.27,Below_Range_Less_Than_0.04,0.04
S19S,S19S_0001_ANI-3,1.33,10.4,0.34,Below_Range_Less_Than_0.04,0.05
S19S,S19S_0003_ANI-1,0.3,9.8,0.19,Below_Range_Less_Than_0.04,0.07
S19S,S19S_0003_ANI-2,0.31,8.03,0.23,Below_Range_Less_Than_0.04,0.07
S19S,S19S_0003_ANI-3,0.31,8.62,0.23,Below_Range_Less_Than_0.04,0.06
S19S,S19S_0004_ANI-1,1.83,6.53,Below_Range_Less_Than_0.12,Below_Range_Less_Than_0.04,0.07
S19S,S19S_0004_ANI-2,2,6.66,Below_Range_Less_Than_0.12,Below_Range_Less_Than_0.04,0.08
S19S,S19S_0005_ANI-1,31.94,242.56,Below_Range_Less_Than_0.12,Below_Range_Less_Than_0.04,0.13
S19S,S19S_0005_ANI-2,33.9,259.29,0.96,Below_Range_Less_Than_0.04,0.16
S19S,S19S_0005_ANI-3,34.06,262.38,0.38,Below_Range_Less_Than_0.04,0.16
S19S,S19S_0006_ANI-1,311.31,33.45,6.43,Below_Range_Less_Than_0.04,Below_Range_Less_Than_0.02
S19S,S19S_0006_ANI-2,286.25,30.48,6.1,Below_Range_Less_Than_0.04,0.12
S19S,S19S_0006_ANI-3,284.53,29.97,6.14,Below_Range_Less_Than_0.04,0.09
S19S,S19S_0007_ANI-1,0.39,0.19,Below_Range_Less_Than_0.12,Below_Range_Less_Than_0.04,0.04
S19S,S19S_0007_ANI-2,0.41,0.24,0.41,Below_Range_Less_Than_0.04,0.03
S19S,S19S_0007_ANI-3,0.38,0.18,Below_Range_Less_Than_0.12,Below_Range_Less_Than_0.04,0.04
S19S,S19S_0008_ANI-1,0.22,0.23,Below_Range_Less_Than_0.12,Below_Range_Less_Than_0.04,0.03
S19S,S19S_0008_ANI-2,0.21,0.24,Below_Range_Less_Than_0.12,Below_Range_Less_Than_0.04,Below_Range_Less_Than_0.02
S19S,S19S_0008_ANI-3,0.21,0.22,Below_Range_Less_Than_0.12,Below_Range_Less_Than_0.04,0.03
S19S,S19S_0009_ANI-1,6.96,160.13,Below_Range_Less_Than_0.12,Below_Range_Less_Than_0.04,0.21
S19S,S19S_0009_ANI-2,6.73,157.71,Below_Range_Less_Than_0.12,Below_Range_Less_Than_0.04,0.23
S19S,S19S_0009_ANI-3,6.76,158.01,Below_Range_Less_Than_0.12,Below_Range_Less_Than_0.04,0.22
S19S,S19S_0010_ANI-1,7.44,13.55,0.85,Below_Range_Less_Than_0.04,0.11
S19S,S19S_0010_ANI-2,7.24,13.32,0.81,Below_Range_Less_Than_0.04,0.11
S19S,S19S_0010_ANI-3,7.31,13.39,0.84,Below_Range_Less_Than_0.04,0.1
S19S,S19S_0011_ANI-1,3.07,3.03,2.99,Below_Range_Less_Than_0.04,0.07
S19S,S19S_0011_ANI-2,3.09,3.01,2.97,Below_Range_Less_Than_0.04,0.07
S19S,S19S_0011_ANI-3,3.13,3.31,2.96,Below_Range_Less_Than_0.04,0.09
S19S,S19S_0012_ANI-1,20.29,4.07,0.31,Below_Range_Less_Than_0.04,0.06
S19S,S19S_0012_ANI-2,20.49,4,0.39,Below_Range_Less_Than_0.04,0.06
S19S,S19S_0012_ANI-3,20.64,4.01,0.37,Below_Range_Less_Than_0.04,0.06
S19S,S19S_0013_ANI-1,2.85,3.17,0.97,Below_Range_Less_Than_0.04,0.06
S19S,S19S_0013_ANI-2,2.79,3.1,0.8,Below_Range_Less_Than_0.04,0.05
S19S,S19S_0013_ANI-3,2.82,3.12,0.89,0.05,0.06
S19S,S19S_0014_ANI-1,19.97,18.52,12.19,Below_Range_Less_Than_0.04,0.21
S19S,S19S_0014_ANI-2,19.01,17.47,12,Below_Range_Less_Than_0.04,0.22
S19S,S19S_0014_ANI-3,19.19,17.59,11.93,Below_Range_Less_Than_0.04,0.22
S19S,S19S_0015_ANI-1,6.12,4.23,4.28,Below_Range_Less_Than_0.04,0.07
S19S,S19S_0015_ANI-2,6.06,4.18,4.08,Below_Range_Less_Than_0.04,0.07
S19S,S19S_0015_ANI-3,5.99,4.12,3.97,Below_Range_Less_Than_0.04,0.06
S19S,S19S_0016_ANI-1,1.9,36.2,Below_Range_Less_Than_0.12,Below_Range_Less_Than_0.04,0.36
S19S,S19S_0016_ANI-2,1.77,34.49,Below_Range_Less_Than_0.12,Below_Range_Less_Than_0.04,0.32
S19S,S19S_0016_ANI-3,1.71,33.63,Below_Range_Less_Than_0.12,Below_Range_Less_Than_0.04,0.34
S19S,S19S_0017_ANI-1,2.52,8.08,1.2,Below_Range_Less_Than_0.04,0.16
S19S,S19S_0017_ANI-2,2.45,8.04,1.28,Below_Range_Less_Than_0.04,0.14
S19S,S19S_0017_ANI-3,2.43,8.25,1.27,Below_Range_Less_Than_0.04,0.19
S19S,S19S_0018_ANI-1,5.11,4.59,4.62,Below_Range_Less_Than_0.04,0.1
S19S,S19S_0018_ANI-2,0.81,2.05,1.18,Below_Range_Less_Than_0.04,0.04
S19S,S19S_0018_ANI-3,0.39,1.52,0.71,Below_Range_Less_Than_0.04,0.06
S19S,S19S_0019_ANI-1,0.81,1.56,0.23,Below_Range_Less_Than_0.04,0.05
S19S,S19S_0019_ANI-2,0.93,1.77,0.21,Below_Range_Less_Than_0.04,0.05
S19S,S19S_0019_ANI-3,0.89,1.72,0.24,Below_Range_Less_Than_0.04,0.05
S19S,S19S_0020_ANI-1,11.81,36.24,0.38,Below_Range_Less_Than_0.04,0.09
S19S,S19S_0020_ANI-2,11.77,36.68,0.28,Below_Range_Less_Than_0.04,0.09
S19S,S19S_0020_ANI-3,11.76,36.38,0.34,Below_Range_Less_Than_0.04,0.09
S19S,S19S_0021_ANI-1,13.06,64.12,Below_Range_Less_Than_0.12,Below_Range_Less_Than_0.04,0.11
S19S,S19S_0021_ANI-2,13.64,63.66,Below_Range_Less_Than_0.12,Below_Range_Less_Than_0.04,0.12
S19S,S19S_0021_ANI-3,13.04,64.18,Below_Range_Less_Than_0.12,Below_Range_Less_Than_0.04,0.1
S19S,S19S_0022_ANI-1,1.49,0.54,Below_Range_Less_Than_0.12,Below_Range_Less_Than_0.04,0.07
S19S,S19S_0022_ANI-2,1.45,0.69,0.17,Below_Range_Less_Than_0.04,0.07
S19S,S19S_0022_ANI-3,1.46,0.68,Below_Range_Less_Than_0.12,Below_Range_Less_Than_0.04,0.05
S19S,S19S_0023_ANI-1,4.86,1.55,0.19,Below_Range_Less_Than_0.04,1.31
S19S,S19S_0023_ANI-2,4.62,1.52,Below_Range_Less_Than_0.12,Below_Range_Less_Than_0.04,1.23
S19S,S19S_0023_ANI-3,4.7,1.55,Below_Range_Less_Than_0.12,Below_Range_Less_Than_0.04,1.24
S19S,S19S_0024_ANI-1,2.79,5.13,1.71,Below_Range_Less_Than_0.04,0.08
S19S,S19S_0024_ANI-2,2.72,4.99,1.69,Below_Range_Less_Than_0.04,0.07
S19S,S19S_0024_ANI-3,2.63,4.88,1.69,Below_Range_Less_Than_0.04,0.07
S19S,S19S_0025_ANI-1,100.78,27.12,Below_Range_Less_Than_0.12,Below_Range_Less_Than_0.04,0.19
S19S,S19S_0025_ANI-2,105.86,28.6,Below_Range_Less_Than_0.12,Below_Range_Less_Than_0.04,0.23
S19S,S19S_0025_ANI-3,99.36,26.51,Below_Range_Less_Than_0.12,Below_Range_Less_Than_0.04,0.2
S19S,S19S_0026_ANI-1,Below_Range_Less_Than_0.16,1.22,Below_Range_Less_Than_0.12,Below_Range_Less_Than_0.04,0.04
S19S,S19S_0026_ANI-2,Below_Range_Less_Than_0.16,0.55,Below_Range_Less_Than_0.12,Below_Range_Less_Than_0.04,0.03
S19S,S19S_0026_ANI-3,Below_Range_Less_Than_0.16,1.2,Below_Range_Less_Than_0.12,Below_Range_Less_Than_0.04,0.04
S19S,S19S_0027_ANI-1,0.2,1.99,Below_Range_Less_Than_0.12,Below_Range_Less_Than_0.04,0.04
S19S,S19S_0027_ANI-2,Below_Range_Less_Than_0.16,1.93,Below_Range_Less_Than_0.12,Below_Range_Less_Than_0.04,0.05
S19S,S19S_0027_ANI-3,Below_Range_Less_Than_0.16,1.99,Below_Range_Less_Than_0.12,Below_Range_Less_Than_0.04,0.04
S19S,S19S_0028_ANI-1,10.98,14.1,Below_Range_Less_Than_0.12,Below_Range_Less_Than_0.04,0.57
S19S,S19S_0028_ANI-2,10.87,13.85,Below_Range_Less_Than_0.12,Below_Range_Less_Than_0.04,0.6
S19S,S19S_0028_ANI-3,10.79,13.64,Below_Range_Less_Than_0.12,Below_Range_Less_Than_0.04,0.57
S19S,S19S_0029_ANI-1,10.54,77.74,0.23,Below_Range_Less_Than_0.04,0.1
S19S,S19S_0029_ANI-2,10.25,75.5,0.24,Below_Range_Less_Than_0.04,0.12
S19S,S19S_0029_ANI-3,10.08,74.24,Below_Range_Less_Than_0.12,Below_Range_Less_Than_0.04,0.11
S19S,S19S_0030_ANI-1,0.67,0.3,0.24,Below_Range_Less_Than_0.04,0.03
S19S,S19S_0030_ANI-2,0.68,0.43,1.81,Below_Range_Less_Than_0.04,0.03
S19S,S19S_0030_ANI-3,0.79,0.35,6.61,Below_Range_Less_Than_0.04,0.03
S19S,S19S_0031_ANI-1,0.55,0.26,Below_Range_Less_Than_0.12,Below_Range_Less_Than_0.04,Below_Range_Less_Than_0.02
S19S,S19S_0031_ANI-2,0.53,0.25,Below_Range_Less_Than_0.12,Below_Range_Less_Than_0.04,Below_Range_Less_Than_0.02
S19S,S19S_0031_ANI-3,1.26,2.6,Below_Range_Less_Than_0.12,0.05,0.03
S19S,S19S_0032_ANI-1,0.47,2.18,0.18,Below_Range_Less_Than_0.04,0.03
S19S,S19S_0032_ANI-2,1.99,1.52,Below_Range_Less_Than_0.12,Below_Range_Less_Than_0.04,0.09
S19S,S19S_0032_ANI-3,0.22,0.16,Below_Range_Less_Than_0.12,Below_Range_Less_Than_0.04,Below_Range_Less_Than_0.02
S19S,S19S_0033_ANI-1,22.62,9.7,Below_Range_Less_Than_0.12,Below_Range_Less_Than_0.04,0.41
S19S,S19S_0033_ANI-2,22.6,9.56,Below_Range_Less_Than_0.12,Below_Range_Less_Than_0.04,0.41
S19S,S19S_0033_ANI-3,22.51,9.12,Below_Range_Less_Than_0.12,Below_Range_Less_Than_0.04,0.38
S19S,S19S_0034_ANI-1,0.5,3.5,1.17,Below_Range_Less_Than_0.04,0.05
S19S,S19S_0034_ANI-2,0.45,3.62,1.12,Below_Range_Less_Than_0.04,0.05
S19S,S19S_0034_ANI-3,0.24,1.48,1.18,Below_Range_Less_Than_0.04,0.04
S19S,S19S_0035_ANI-1,1.93,3.65,Below_Range_Less_Than_0.12,Below_Range_Less_Than_0.04,0.27
S19S,S19S_0035_ANI-2,1.88,3.53,Below_Range_Less_Than_0.12,Below_Range_Less_Than_0.04,0.26
S19S,S19S_0036_ANI-1,2.23,12.11,0.89,Below_Range_Less_Than_0.04,0.11
S19S,S19S_0036_ANI-2,1.95,11.52,1.05,Below_Range_Less_Than_0.04,0.09
S19S,S19S_0036_ANI-3,2.09,11.77,0.99,Below_Range_Less_Than_0.04,0.1
S19S,S19S_0037_ANI-1,13.43,18,18.17,Below_Range_Less_Than_0.04,0.05
S19S,S19S_0037_ANI-2,14.04,18.7,18.11,Below_Range_Less_Than_0.04,0.05
S19S,S19S_0037_ANI-3,13.38,18.14,18.18,Below_Range_Less_Than_0.04,0.05
S19S,S19S_0038_ANI-1,12.44,17.88,18.18,Below_Range_Less_Than_0.04,0.04
S19S,S19S_0038_ANI-2,12.52,17.95,18.55,Below_Range_Less_Than_0.04,0.05
S19S,S19S_0038_ANI-3,12.44,17.85,18.5,Below_Range_Less_Than_0.04,0.06
S19S,S19S_0039_ANI-1,9.67,13.28,7.82,0.11,0.16
S19S,S19S_0039_ANI-2,9.73,13.48,7.87,0.1,0.18
S19S,S19S_0039_ANI-3,9.59,13.46,7.95,0.1,0.19
S19S,S19S_0040_ANI-1,1.72,31.91,Below_Range_Less_Than_0.12,Below_Range_Less_Than_0.04,0.37
S19S,S19S_0040_ANI-2,1.58,31.14,Below_Range_Less_Than_0.12,Below_Range_Less_Than_0.04,0.34
S19S,S19S_0040_ANI-3,1.74,31.19,Below_Range_Less_Than_0.12,Below_Range_Less_Than_0.04,0.32
S19S,S19S_0041_ANI-1,2.72,4.66,Below_Range_Less_Than_0.12,Below_Range_Less_Than_0.04,0.11
S19S,S19S_0041_ANI-2,2.83,4.85,Below_Range_Less_Than_0.12,Below_Range_Less_Than_0.04,0.1
S19S,S19S_0041_ANI-3,2.8,4.76,Below_Range_Less_Than_0.12,Below_Range_Less_Than_0.04,0.1
S19S,S19S_0042_ANI-1,1719.1,209.18,0.54,Below_Range_Less_Than_0.04,Below_Range_Less_Than_0.02
S19S,S19S_0042_ANI-2,1845.35,225.73,Below_Range_Less_Than_0.12,Below_Range_Less_Than_0.04,Below_Range_Less_Than_0.02
S19S,S19S_0042_ANI-3,1625.46,200.39,Below_Range_Less_Than_0.12,Below_Range_Less_Than_0.04,Below_Range_Less_Than_0.02
S19S,S19S_0043_ANI-1,35.22,22.81,50.69,Below_Range_Less_Than_0.04,0.1
S19S,S19S_0043_ANI-2,37.82,25.12,46.8,Below_Range_Less_Than_0.04,0.1
S19S,S19S_0043_ANI-3,36.76,23.48,50.78,Below_Range_Less_Than_0.04,0.1
S19S,S19S_0044_ANI-1,7.5,4.68,0.4,Below_Range_Less_Than_0.04,0.05
S19S,S19S_0044_ANI-2,7.54,4.45,0.21,Below_Range_Less_Than_0.04,0.05
S19S,S19S_0044_ANI-3,7.64,4.64,1.31,Below_Range_Less_Than_0.04,0.06
S19S,S19S_0045_ANI-1,96.69,121.39,32.71,0.29,0.12
S19S,S19S_0045_ANI-2,105.05,132.65,32.99,0.29,0.16
S19S,S19S_0045_ANI-3,95.96,120.28,32.79,0.27,0.13
S19S,S19S_0046_ANI-1,Below_Range_Less_Than_0.16,0.31,Below_Range_Less_Than_0.12,Below_Range_Less_Than_0.04,Below_Range_Less_Than_0.02
S19S,S19S_0046_ANI-2,Below_Range_Less_Than_0.16,0.34,Below_Range_Less_Than_0.12,Below_Range_Less_Than_0.04,Below_Range_Less_Than_0.02
S19S,S19S_0046_ANI-3,Below_Range_Less_Than_0.16,0.48,Below_Range_Less_Than_0.12,Below_Range_Less_Than_0.04,0.03
S19S,S19S_0047_ANI-1,Below_Range_Less_Than_0.16,33.61,Below_Range_Less_Than_0.12,Below_Range_Less_Than_0.04,0.05
S19S,S19S_0047_ANI-2,Below_Range_Less_Than_0.16,18.9,Below_Range_Less_Than_0.12,Below_Range_Less_Than_0.04,0.04
S19S,S19S_0047_ANI-3,Below_Range_Less_Than_0.16,33.22,0.15,Below_Range_Less_Than_0.04,0.04
S19S,S19S_0048_ANI-1,7.74,3.49,1.29,Below_Range_Less_Than_0.04,Below_Range_Less_Than_0.02
S19S,S19S_0048_ANI-2,7.78,3.73,1.31,Below_Range_Less_Than_0.04,Below_Range_Less_Than_0.02
S19S,S19S_0048_ANI-3,7.71,3.49,1.28,Below_Range_Less_Than_0.04,0.03
S19S,S19S_0049_ANI-1,6.64,4.86,0.66,Below_Range_Less_Than_0.04,0.06
S19S,S19S_0049_ANI-2,6.53,4.75,0.63,Below_Range_Less_Than_0.04,0.06
S19S,S19S_0049_ANI-3,6.45,4.71,0.59,Below_Range_Less_Than_0.04,0.06
S19S,S19S_0050_ANI-1,0.38,5.25,Below_Range_Less_Than_0.12,Below_Range_Less_Than_0.04,0.04
S19S,S19S_0050_ANI-2,0.27,4.02,Below_Range_Less_Than_0.12,Below_Range_Less_Than_0.04,0.04
S19S,S19S_0050_ANI-3,0.21,2.57,Below_Range_Less_Than_0.12,Below_Range_Less_Than_0.04,0.03
S19S,S19S_0051_ANI-1,Below_Range_Less_Than_0.16,2.68,1.23,Below_Range_Less_Than_0.04,0.06
S19S,S19S_0051_ANI-2,Below_Range_Less_Than_0.16,2.58,1.21,Below_Range_Less_Than_0.04,0.04
S19S,S19S_0051_ANI-3,Below_Range_Less_Than_0.16,2.58,1.27,Below_Range_Less_Than_0.04,0.04
S19S,S19S_0052_ANI-1,16.75,3.87,0.41,Below_Range_Less_Than_0.04,0.04
S19S,S19S_0052_ANI-2,16.6,3.82,0.45,Below_Range_Less_Than_0.04,0.04
S19S,S19S_0052_ANI-3,16.81,3.74,0.41,Below_Range_Less_Than_0.04,0.04
S19S,S19S_0053_ANI-1,58.81,14.99,2.89,Below_Range_Less_Than_0.04,0.05
S19S,S19S_0053_ANI-2,59.25,15.19,2.99,Below_Range_Less_Than_0.04,0.04
S19S,S19S_0053_ANI-3,59.8,15.47,2.93,Below_Range_Less_Than_0.04,0.05
S19S,S19S_0054_ANI-1,18.79,7.06,Below_Range_Less_Than_0.12,Below_Range_Less_Than_0.04,0.08
S19S,S19S_0054_ANI-2,18.83,6.81,Below_Range_Less_Than_0.12,Below_Range_Less_Than_0.04,0.1
S19S,S19S_0054_ANI-3,19.28,6.94,Below_Range_Less_Than_0.12,Below_Range_Less_Than_0.04,0.08
S19S,S19S_0055_ANI-1,79.08,38.73,3.63,Below_Range_Less_Than_0.04,0.39
S19S,S19S_0055_ANI-2,75.34,36.6,3.64,Below_Range_Less_Than_0.04,0.41
S19S,S19S_0055_ANI-3,69.51,33.87,3.09,Below_Range_Less_Than_0.04,0.35
S19S,S19S_0056_ANI-1,17.75,24.1,2.93,0.07,0.15
S19S,S19S_0056_ANI-2,16.8,23.31,2.9,0.06,0.15
S19S,S19S_0056_ANI-3,16.44,23.01,2.96,0.06,0.13
S19S,S19S_0057_ANI-1,1.31,0.39,Below_Range_Less_Than_0.12,Below_Range_Less_Than_0.04,0.03
S19S,S19S_0057_ANI-2,1.31,0.7,Below_Range_Less_Than_0.12,Below_Range_Less_Than_0.04,0.04
S19S,S19S_0057_ANI-3,1.31,0.4,Below_Range_Less_Than_0.12,Below_Range_Less_Than_0.04,0.03
S19S,S19S_0058_ANI-1,14.32,15.74,7.05,Below_Range_Less_Than_0.04,0.09
S19S,S19S_0058_ANI-2,13.98,15.81,7.05,Below_Range_Less_Than_0.04,0.1
S19S,S19S_0058_ANI-3,14.26,15.97,6.89,Below_Range_Less_Than_0.04,0.09
S19S,S19S_0059_ANI-1,0.45,4.94,Below_Range_Less_Than_0.12,Below_Range_Less_Than_0.04,0.07
S19S,S19S_0059_ANI-2,0.46,3.69,Below_Range_Less_Than_0.12,Below_Range_Less_Than_0.04,0.07
S19S,S19S_0059_ANI-3,0.45,4.55,Below_Range_Less_Than_0.12,Below_Range_Less_Than_0.04,0.07
S19S,S19S_0060_ANI-1,8.63,16.44,5.69,Below_Range_Less_Than_0.04,0.15
S19S,S19S_0060_ANI-2,8.64,16.82,5.04,Below_Range_Less_Than_0.04,0.15
S19S,S19S_0060_ANI-3,8.58,16.18,5.05,Below_Range_Less_Than_0.04,0.14
S19S,S19S_0061_ANI-1,28.24,11.81,9.84,0.08,0.08
S19S,S19S_0061_ANI-2,27.15,11.34,9.46,0.08,0.09
S19S,S19S_0061_ANI-3,26.34,10.88,9.53,0.08,0.09
S19S,S19S_0062_ANI-1,0.9,13.78,Below_Range_Less_Than_0.12,Below_Range_Less_Than_0.04,0.11
S19S,S19S_0062_ANI-2,0.44,4.94,Below_Range_Less_Than_0.12,Below_Range_Less_Than_0.04,0.07
S19S,S19S_0062_ANI-3,0.87,13.59,Below_Range_Less_Than_0.12,Below_Range_Less_Than_0.04,0.11
S19S,S19S_0063_ANI-1,29.88,29.2,1.85,Below_Range_Less_Than_0.04,0.17
S19S,S19S_0063_ANI-2,28.28,27.58,1.75,Below_Range_Less_Than_0.04,0.18
S19S,S19S_0063_ANI-3,28.89,28.02,1.82,Below_Range_Less_Than_0.04,0.17
S19S,S19S_0064_ANI-1,6.73,16.86,5.07,0.06,0.05
S19S,S19S_0064_ANI-2,6.85,17.46,4.99,0.08,0.04
S19S,S19S_0064_ANI-3,6.71,16.5,4.92,0.05,0.06
S19S,S19S_0065_ANI-1,4.31,11.2,Below_Range_Less_Than_0.12,Below_Range_Less_Than_0.04,0.08
S19S,S19S_0065_ANI-2,4.28,10.91,Below_Range_Less_Than_0.12,Below_Range_Less_Than_0.04,0.08
S19S,S19S_0065_ANI-3,4.35,11.01,Below_Range_Less_Than_0.12,Below_Range_Less_Than_0.04,0.1
S19S,S19S_0066_ANI-1,3.85,21.56,0.69,Below_Range_Less_Than_0.04,0.24
S19S,S19S_0066_ANI-2,3.78,21.12,0.66,Below_Range_Less_Than_0.04,0.22
S19S,S19S_0067_ANI-1,12.15,15.3,6.71,Below_Range_Less_Than_0.04,0.08
S19S,S19S_0067_ANI-2,11.95,15.08,6.54,Below_Range_Less_Than_0.04,0.08
S19S,S19S_0067_ANI-3,11.25,14.08,6.69,Below_Range_Less_Than_0.04,0.08
S19S,S19S_0068_ANI-1,3.35,0.6,0.13,Below_Range_Less_Than_0.04,0.03
S19S,S19S_0068_ANI-2,3.33,0.58,0.15,Below_Range_Less_Than_0.04,0.04
S19S,S19S_0068_ANI-3,3.37,0.58,0.15,Below_Range_Less_Than_0.04,0.04
S19S,S19S_0069_ANI-1,15.02,10.24,Below_Range_Less_Than_0.12,Below_Range_Less_Than_0.04,0.09
S19S,S19S_0069_ANI-2,15.05,10.25,Below_Range_Less_Than_0.12,Below_Range_Less_Than_0.04,0.1
S19S,S19S_0069_ANI-3,14.93,10.15,Below_Range_Less_Than_0.12,Below_Range_Less_Than_0.04,0.1
S19S,S19S_0070_ANI-1,20.83,6.94,Below_Range_Less_Than_0.12,Below_Range_Less_Than_0.04,0.06
S19S,S19S_0070_ANI-2,20.76,7.19,Below_Range_Less_Than_0.12,Below_Range_Less_Than_0.04,0.07
S19S,S19S_0070_ANI-3,20.76,7.18,Below_Range_Less_Than_0.12,Below_Range_Less_Than_0.04,0.07
S19S,S19S_0071_ANI-1,0.46,3.7,Below_Range_Less_Than_0.12,Below_Range_Less_Than_0.04,0.09
S19S,S19S_0071_ANI-2,0.44,4.7,Below_Range_Less_Than_0.12,Below_Range_Less_Than_0.04,0.07
S19S,S19S_0071_ANI-3,0.48,3.65,Below_Range_Less_Than_0.12,Below_Range_Less_Than_0.04,0.08
S19S,S19S_0072_ANI-1,261.01,16.66,3.5,Below_Range_Less_Than_0.04,Below_Range_Less_Than_0.02
S19S,S19S_0072_ANI-2,295.29,19.04,3.31,Below_Range_Less_Than_0.04,0.07
S19S,S19S_0072_ANI-3,282.66,17.35,3.44,Below_Range_Less_Than_0.04,Below_Range_Less_Than_0.02
S19S,S19S_0073_ANI-1,95.35,2.95,0.55,Below_Range_Less_Than_0.04,0.03
S19S,S19S_0073_ANI-2,94.1,2.71,0.53,Below_Range_Less_Than_0.04,0.04
S19S,S19S_0073_ANI-3,94.22,32.57,0.51,Below_Range_Less_Than_0.04,0.04
S19S,S19S_0074_ANI-1,1.27,10.12,0.43,Below_Range_Less_Than_0.04,0.09
S19S,S19S_0074_ANI-2,1.21,9.82,0.39,Below_Range_Less_Than_0.04,0.08
S19S,S19S_0074_ANI-3,1.25,9.86,0.39,Below_Range_Less_Than_0.04,0.08
S19S,S19S_0075_ANI-1,1.06,9.54,0.18,Below_Range_Less_Than_0.04,0.08
S19S,S19S_0075_ANI-2,1.04,9.49,0.19,Below_Range_Less_Than_0.04,0.08
S19S,S19S_0075_ANI-3,1.08,9.12,0.18,Below_Range_Less_Than_0.04,0.07
S19S,S19S_0076_ANI-1,1.45,9.87,Below_Range_Less_Than_0.12,Below_Range_Less_Than_0.04,0.09
S19S,S19S_0076_ANI-2,1.36,9.77,Below_Range_Less_Than_0.12,Below_Range_Less_Than_0.04,0.09
S19S,S19S_0076_ANI-3,1.31,9.85,0.15,Below_Range_Less_Than_0.04,0.08
S19S,S19S_0077_ANI-1,0.78,3.47,Below_Range_Less_Than_0.12,Below_Range_Less_Than_0.04,0.16
S19S,S19S_0077_ANI-2,0.62,2.52,Below_Range_Less_Than_0.12,Below_Range_Less_Than_0.04,0.16
S19S,S19S_0077_ANI-3,0.75,3.6,Below_Range_Less_Than_0.12,Below_Range_Less_Than_0.04,0.18
S19S,S19S_0078_ANI-1,3.5,8.6,Below_Range_Less_Than_0.12,Below_Range_Less_Than_0.04,0.06
S19S,S19S_0078_ANI-2,3.51,8.35,Below_Range_Less_Than_0.12,Below_Range_Less_Than_0.04,0.07
S19S,S19S_0078_ANI-3,3.48,8.13,Below_Range_Less_Than_0.12,Below_Range_Less_Than_0.04,0.06
S19S,S19S_0079_ANI-1,3.7,3.7,Below_Range_Less_Than_0.12,Below_Range_Less_Than_0.04,0.07
S19S,S19S_0079_ANI-2,3.67,2.42,Below_Range_Less_Than_0.12,Below_Range_Less_Than_0.04,0.06
S19S,S19S_0079_ANI-3,3.69,2,0.19,Below_Range_Less_Than_0.04,0.05
S19S,S19S_0080_ANI-1,13.76,27.3,1.54,Below_Range_Less_Than_0.04,0.27
S19S,S19S_0080_ANI-2,14.99,79.17,1.27,Below_Range_Less_Than_0.04,0.26
S19S,S19S_0080_ANI-3,14.21,32.1,1.16,Below_Range_Less_Than_0.04,0.24
S19S,S19S_0081_ANI-1,92.26,11.64,2.95,Below_Range_Less_Than_0.04,0.09
S19S,S19S_0081_ANI-2,90.4,11.49,2.9,Below_Range_Less_Than_0.04,0.1
S19S,S19S_0081_ANI-3,92.06,11.52,2.74,Below_Range_Less_Than_0.04,0.1
S19S,S19S_0082_ANI-1,3874.53,515.7,Below_Range_Less_Than_0.12,Below_Range_Less_Than_0.04,Below_Range_Less_Than_0.02
S19S,S19S_0082_ANI-2,Above_Range_Greater_Than_132,561.17,Below_Range_Less_Than_0.12,Below_Range_Less_Than_0.04,Below_Range_Less_Than_0.02
S19S,S19S_0082_ANI-3,3964.3,535.06,Below_Range_Less_Than_0.12,Below_Range_Less_Than_0.04,Below_Range_Less_Than_0.02
S19S,S19S_0083_ANI-1,48.18,78.7,0.61,Below_Range_Less_Than_0.04,0.22
S19S,S19S_0083_ANI-2,47.57,77.28,0.6,Below_Range_Less_Than_0.04,0.23
S19S,S19S_0083_ANI-3,23.94,40.33,0.56,Below_Range_Less_Than_0.04,0.19
S19S,S19S_0084_ANI-1,0.4,2.66,Below_Range_Less_Than_0.12,Below_Range_Less_Than_0.04,0.04
S19S,S19S_0084_ANI-2,0.37,2.88,Below_Range_Less_Than_0.12,Below_Range_Less_Than_0.04,0.04
S19S,S19S_0084_ANI-3,0.37,2.85,Below_Range_Less_Than_0.12,Below_Range_Less_Than_0.04,0.04
S19S,S19S_0085_ANI-1,2.68,4.04,Below_Range_Less_Than_0.12,Below_Range_Less_Than_0.04,0.38
S19S,S19S_0085_ANI-2,2.66,4,Below_Range_Less_Than_0.12,Below_Range_Less_Than_0.04,0.37
S19S,S19S_0085_ANI-3,2.66,4,Below_Range_Less_Than_0.12,Below_Range_Less_Than_0.04,0.37
S19S,S19S_0086_ANI-1,11.18,82.35,Below_Range_Less_Than_0.12,Below_Range_Less_Than_0.04,0.12
S19S,S19S_0086_ANI-2,10.8,80.07,Below_Range_Less_Than_0.12,Below_Range_Less_Than_0.04,0.12
S19S,S19S_0086_ANI-3,10.95,81.36,Below_Range_Less_Than_0.12,Below_Range_Less_Than_0.04,0.13
S19S,S19S_0087_ANI-1,1.1,1.74,0.21,Below_Range_Less_Than_0.04,0.14
S19S,S19S_0087_ANI-2,0.99,1.7,0.27,Below_Range_Less_Than_0.04,0.11
S19S,S19S_0087_ANI-3,1.01,1.69,0.24,Below_Range_Less_Than_0.04,0.1
S19S,S19S_0089_ANI-1,36.8,22.55,2.83,Below_Range_Less_Than_0.04,0.16
S19S,S19S_0089_ANI-2,36.66,22.77,2.66,Below_Range_Less_Than_0.04,0.19
S19S,S19S_0089_ANI-3,36.96,22.15,2.84,Below_Range_Less_Than_0.04,0.19
S19S,S19S_0090_ANI-1,20.42,36.51,21.85,Below_Range_Less_Than_0.04,Below_Range_Less_Than_0.02
S19S,S19S_0090_ANI-2,20.52,36.86,22.87,Below_Range_Less_Than_0.04,Below_Range_Less_Than_0.02
S19S,S19S_0090_ANI-3,20.33,36.47,21.93,Below_Range_Less_Than_0.04,0.03
S19S,S19S_0091_ANI-1,1.87,22.62,0.21,Below_Range_Less_Than_0.04,0.08
S19S,S19S_0091_ANI-2,1.87,22.72,0.2,Below_Range_Less_Than_0.04,0.08
S19S,S19S_0091_ANI-3,1.87,22.61,0.22,Below_Range_Less_Than_0.04,0.08
S19S,S19S_0092_ANI-1,31.81,45.16,53.65,1.27,0.17
S19S,S19S_0092_ANI-2,31.79,44.92,53.06,1.33,0.18
S19S,S19S_0092_ANI-3,32.45,46.24,53.6,1.48,0.31
S19S,S19S_0093_ANI-1,24.96,41.34,31.27,Below_Range_Less_Than_0.04,0.15
S19S,S19S_0093_ANI-2,20.99,41.6,30.67,Below_Range_Less_Than_0.04,0.14
S19S,S19S_0093_ANI-3,22.98,37.72,29.63,Below_Range_Less_Than_0.04,0.13
S19S,S19S_0094_ANI-1,6.21,1.31,0.5,Below_Range_Less_Than_0.04,Below_Range_Less_Than_0.02
S19S,S19S_0094_ANI-2,6.12,1.22,0.53,Below_Range_Less_Than_0.04,0.03
S19S,S19S_0094_ANI-3,6.14,1.2,0.58,Below_Range_Less_Than_0.04,0.03
S19S,S19S_0096_ANI-1,3.22,6.08,5.43,0.07,0.09
S19S,S19S_0096_ANI-2,3.18,5.97,5.38,0.07,0.09
S19S,S19S_0096_ANI-3,3.17,6.01,5.48,0.08,0.11
S19S,S19S_0097_ANI-1,12.6,14.24,1.06,Below_Range_Less_Than_0.04,0.1
S19S,S19S_0097_ANI-2,12.38,14.09,1.05,Below_Range_Less_Than_0.04,0.09
S19S,S19S_0097_ANI-3,12.68,14.21,1.01,Below_Range_Less_Than_0.04,0.09
S19S,S19S_0098_ANI-1,1.14,1.9,0.65,Below_Range_Less_Than_0.04,0.05
S19S,S19S_0098_ANI-2,1.14,2.02,0.66,Below_Range_Less_Than_0.04,0.05
S19S,S19S_0098_ANI-3,1.11,1.88,0.66,Below_Range_Less_Than_0.04,0.05
S19S,S19S_0099_ANI-1,70.55,47.79,4.43,Below_Range_Less_Than_0.04,0.33
S19S,S19S_0099_ANI-2,68.35,45.59,4.64,Below_Range_Less_Than_0.04,0.29
S19S,S19S_0099_ANI-3,66.16,44.37,4.75,Below_Range_Less_Than_0.04,0.3
S19S,S19S_0100_ANI-1,0.22,34.62,Below_Range_Less_Than_0.12,Below_Range_Less_Than_0.04,0.09
S19S,S19S_0100_ANI-2,0.2,34.82,Below_Range_Less_Than_0.12,Below_Range_Less_Than_0.04,0.06
S19S,S19S_0100_ANI-3,0.2,34.8,Below_Range_Less_Than_0.12,Below_Range_Less_Than_0.04,0.06
