".id","dataset","rep.merged","rarity.cutoff","sample.type","frequency","occupancy","percentage"
"mf_rep.merged1_all_water","molecular.formulae","rep.merged1","all","water",8169,1,1
"mf_rep.merged1_all_water","molecular.formulae","rep.merged1","all","water",2802,2,2
"mf_rep.merged1_all_water","molecular.formulae","rep.merged1","all","water",1716,3,3
"mf_rep.merged1_all_water","molecular.formulae","rep.merged1","all","water",1123,4,4
"mf_rep.merged1_all_water","molecular.formulae","rep.merged1","all","water",841,5,5
"mf_rep.merged1_all_water","molecular.formulae","rep.merged1","all","water",626,6,6
"mf_rep.merged1_all_water","molecular.formulae","rep.merged1","all","water",519,7,7
"mf_rep.merged1_all_water","molecular.formulae","rep.merged1","all","water",442,8,8
"mf_rep.merged1_all_water","molecular.formulae","rep.merged1","all","water",334,9,9
"mf_rep.merged1_all_water","molecular.formulae","rep.merged1","all","water",304,10,11
"mf_rep.merged1_all_water","molecular.formulae","rep.merged1","all","water",274,11,12
"mf_rep.merged1_all_water","molecular.formulae","rep.merged1","all","water",228,12,13
"mf_rep.merged1_all_water","molecular.formulae","rep.merged1","all","water",201,13,14
"mf_rep.merged1_all_water","molecular.formulae","rep.merged1","all","water",207,14,15
"mf_rep.merged1_all_water","molecular.formulae","rep.merged1","all","water",172,15,16
"mf_rep.merged1_all_water","molecular.formulae","rep.merged1","all","water",162,16,17
"mf_rep.merged1_all_water","molecular.formulae","rep.merged1","all","water",168,17,18
"mf_rep.merged1_all_water","molecular.formulae","rep.merged1","all","water",153,18,19
"mf_rep.merged1_all_water","molecular.formulae","rep.merged1","all","water",149,19,20
"mf_rep.merged1_all_water","molecular.formulae","rep.merged1","all","water",95,20,21
"mf_rep.merged1_all_water","molecular.formulae","rep.merged1","all","water",106,21,22
"mf_rep.merged1_all_water","molecular.formulae","rep.merged1","all","water",106,22,23
"mf_rep.merged1_all_water","molecular.formulae","rep.merged1","all","water",113,23,24
"mf_rep.merged1_all_water","molecular.formulae","rep.merged1","all","water",86,24,25
"mf_rep.merged1_all_water","molecular.formulae","rep.merged1","all","water",88,25,26
"mf_rep.merged1_all_water","molecular.formulae","rep.merged1","all","water",87,26,27
"mf_rep.merged1_all_water","molecular.formulae","rep.merged1","all","water",72,27,28
"mf_rep.merged1_all_water","molecular.formulae","rep.merged1","all","water",90,28,29
"mf_rep.merged1_all_water","molecular.formulae","rep.merged1","all","water",71,29,31
"mf_rep.merged1_all_water","molecular.formulae","rep.merged1","all","water",84,30,32
"mf_rep.merged1_all_water","molecular.formulae","rep.merged1","all","water",71,31,33
"mf_rep.merged1_all_water","molecular.formulae","rep.merged1","all","water",72,32,34
"mf_rep.merged1_all_water","molecular.formulae","rep.merged1","all","water",76,33,35
"mf_rep.merged1_all_water","molecular.formulae","rep.merged1","all","water",59,34,36
"mf_rep.merged1_all_water","molecular.formulae","rep.merged1","all","water",49,35,37
"mf_rep.merged1_all_water","molecular.formulae","rep.merged1","all","water",56,36,38
"mf_rep.merged1_all_water","molecular.formulae","rep.merged1","all","water",52,37,39
"mf_rep.merged1_all_water","molecular.formulae","rep.merged1","all","water",46,38,40
"mf_rep.merged1_all_water","molecular.formulae","rep.merged1","all","water",48,39,41
"mf_rep.merged1_all_water","molecular.formulae","rep.merged1","all","water",38,40,42
"mf_rep.merged1_all_water","molecular.formulae","rep.merged1","all","water",52,41,43
"mf_rep.merged1_all_water","molecular.formulae","rep.merged1","all","water",40,42,44
"mf_rep.merged1_all_water","molecular.formulae","rep.merged1","all","water",37,43,45
"mf_rep.merged1_all_water","molecular.formulae","rep.merged1","all","water",64,44,46
"mf_rep.merged1_all_water","molecular.formulae","rep.merged1","all","water",43,45,47
"mf_rep.merged1_all_water","molecular.formulae","rep.merged1","all","water",38,46,48
"mf_rep.merged1_all_water","molecular.formulae","rep.merged1","all","water",37,47,49
"mf_rep.merged1_all_water","molecular.formulae","rep.merged1","all","water",48,48,51
"mf_rep.merged1_all_water","molecular.formulae","rep.merged1","all","water",40,49,52
"mf_rep.merged1_all_water","molecular.formulae","rep.merged1","all","water",40,50,53
"mf_rep.merged1_all_water","molecular.formulae","rep.merged1","all","water",38,51,54
"mf_rep.merged1_all_water","molecular.formulae","rep.merged1","all","water",35,52,55
"mf_rep.merged1_all_water","molecular.formulae","rep.merged1","all","water",41,53,56
"mf_rep.merged1_all_water","molecular.formulae","rep.merged1","all","water",41,54,57
"mf_rep.merged1_all_water","molecular.formulae","rep.merged1","all","water",29,55,58
"mf_rep.merged1_all_water","molecular.formulae","rep.merged1","all","water",36,56,59
"mf_rep.merged1_all_water","molecular.formulae","rep.merged1","all","water",25,57,60
"mf_rep.merged1_all_water","molecular.formulae","rep.merged1","all","water",33,58,61
"mf_rep.merged1_all_water","molecular.formulae","rep.merged1","all","water",25,59,62
"mf_rep.merged1_all_water","molecular.formulae","rep.merged1","all","water",36,60,63
"mf_rep.merged1_all_water","molecular.formulae","rep.merged1","all","water",26,61,64
"mf_rep.merged1_all_water","molecular.formulae","rep.merged1","all","water",40,62,65
"mf_rep.merged1_all_water","molecular.formulae","rep.merged1","all","water",31,63,66
"mf_rep.merged1_all_water","molecular.formulae","rep.merged1","all","water",30,64,67
"mf_rep.merged1_all_water","molecular.formulae","rep.merged1","all","water",32,65,68
"mf_rep.merged1_all_water","molecular.formulae","rep.merged1","all","water",34,66,69
"mf_rep.merged1_all_water","molecular.formulae","rep.merged1","all","water",31,67,71
"mf_rep.merged1_all_water","molecular.formulae","rep.merged1","all","water",31,68,72
"mf_rep.merged1_all_water","molecular.formulae","rep.merged1","all","water",35,69,73
"mf_rep.merged1_all_water","molecular.formulae","rep.merged1","all","water",41,70,74
"mf_rep.merged1_all_water","molecular.formulae","rep.merged1","all","water",42,71,75
"mf_rep.merged1_all_water","molecular.formulae","rep.merged1","all","water",30,72,76
"mf_rep.merged1_all_water","molecular.formulae","rep.merged1","all","water",34,73,77
"mf_rep.merged1_all_water","molecular.formulae","rep.merged1","all","water",29,74,78
"mf_rep.merged1_all_water","molecular.formulae","rep.merged1","all","water",47,75,79
"mf_rep.merged1_all_water","molecular.formulae","rep.merged1","all","water",42,76,80
"mf_rep.merged1_all_water","molecular.formulae","rep.merged1","all","water",29,77,81
"mf_rep.merged1_all_water","molecular.formulae","rep.merged1","all","water",44,78,82
"mf_rep.merged1_all_water","molecular.formulae","rep.merged1","all","water",37,79,83
"mf_rep.merged1_all_water","molecular.formulae","rep.merged1","all","water",47,80,84
"mf_rep.merged1_all_water","molecular.formulae","rep.merged1","all","water",44,81,85
"mf_rep.merged1_all_water","molecular.formulae","rep.merged1","all","water",39,82,86
"mf_rep.merged1_all_water","molecular.formulae","rep.merged1","all","water",52,83,87
"mf_rep.merged1_all_water","molecular.formulae","rep.merged1","all","water",50,84,88
"mf_rep.merged1_all_water","molecular.formulae","rep.merged1","all","water",44,85,89
"mf_rep.merged1_all_water","molecular.formulae","rep.merged1","all","water",75,86,91
"mf_rep.merged1_all_water","molecular.formulae","rep.merged1","all","water",66,87,92
"mf_rep.merged1_all_water","molecular.formulae","rep.merged1","all","water",65,88,93
"mf_rep.merged1_all_water","molecular.formulae","rep.merged1","all","water",69,89,94
"mf_rep.merged1_all_water","molecular.formulae","rep.merged1","all","water",81,90,95
"mf_rep.merged1_all_water","molecular.formulae","rep.merged1","all","water",96,91,96
"mf_rep.merged1_all_water","molecular.formulae","rep.merged1","all","water",116,92,97
"mf_rep.merged1_all_water","molecular.formulae","rep.merged1","all","water",198,93,98
"mf_rep.merged1_all_water","molecular.formulae","rep.merged1","all","water",287,94,99
"mf_rep.merged1_all_water","molecular.formulae","rep.merged1","all","water",642,95,100
"mf_rep.merged1_all_sed","molecular.formulae","rep.merged1","all","sed",9808,1,1
"mf_rep.merged1_all_sed","molecular.formulae","rep.merged1","all","sed",2763,2,2
"mf_rep.merged1_all_sed","molecular.formulae","rep.merged1","all","sed",1513,3,3
"mf_rep.merged1_all_sed","molecular.formulae","rep.merged1","all","sed",986,4,4
"mf_rep.merged1_all_sed","molecular.formulae","rep.merged1","all","sed",624,5,5
"mf_rep.merged1_all_sed","molecular.formulae","rep.merged1","all","sed",511,6,6
"mf_rep.merged1_all_sed","molecular.formulae","rep.merged1","all","sed",399,7,8
"mf_rep.merged1_all_sed","molecular.formulae","rep.merged1","all","sed",323,8,9
"mf_rep.merged1_all_sed","molecular.formulae","rep.merged1","all","sed",286,9,10
"mf_rep.merged1_all_sed","molecular.formulae","rep.merged1","all","sed",251,10,11
"mf_rep.merged1_all_sed","molecular.formulae","rep.merged1","all","sed",218,11,12
"mf_rep.merged1_all_sed","molecular.formulae","rep.merged1","all","sed",179,12,13
"mf_rep.merged1_all_sed","molecular.formulae","rep.merged1","all","sed",162,13,14
"mf_rep.merged1_all_sed","molecular.formulae","rep.merged1","all","sed",140,14,15
"mf_rep.merged1_all_sed","molecular.formulae","rep.merged1","all","sed",153,15,16
"mf_rep.merged1_all_sed","molecular.formulae","rep.merged1","all","sed",132,16,17
"mf_rep.merged1_all_sed","molecular.formulae","rep.merged1","all","sed",138,17,18
"mf_rep.merged1_all_sed","molecular.formulae","rep.merged1","all","sed",122,18,19
"mf_rep.merged1_all_sed","molecular.formulae","rep.merged1","all","sed",89,19,20
"mf_rep.merged1_all_sed","molecular.formulae","rep.merged1","all","sed",107,20,22
"mf_rep.merged1_all_sed","molecular.formulae","rep.merged1","all","sed",96,21,23
"mf_rep.merged1_all_sed","molecular.formulae","rep.merged1","all","sed",81,22,24
"mf_rep.merged1_all_sed","molecular.formulae","rep.merged1","all","sed",85,23,25
"mf_rep.merged1_all_sed","molecular.formulae","rep.merged1","all","sed",74,24,26
"mf_rep.merged1_all_sed","molecular.formulae","rep.merged1","all","sed",81,25,27
"mf_rep.merged1_all_sed","molecular.formulae","rep.merged1","all","sed",61,26,28
"mf_rep.merged1_all_sed","molecular.formulae","rep.merged1","all","sed",75,27,29
"mf_rep.merged1_all_sed","molecular.formulae","rep.merged1","all","sed",46,28,30
"mf_rep.merged1_all_sed","molecular.formulae","rep.merged1","all","sed",49,29,31
"mf_rep.merged1_all_sed","molecular.formulae","rep.merged1","all","sed",64,30,32
"mf_rep.merged1_all_sed","molecular.formulae","rep.merged1","all","sed",41,31,33
"mf_rep.merged1_all_sed","molecular.formulae","rep.merged1","all","sed",60,32,34
"mf_rep.merged1_all_sed","molecular.formulae","rep.merged1","all","sed",55,33,35
"mf_rep.merged1_all_sed","molecular.formulae","rep.merged1","all","sed",60,34,37
"mf_rep.merged1_all_sed","molecular.formulae","rep.merged1","all","sed",65,35,38
"mf_rep.merged1_all_sed","molecular.formulae","rep.merged1","all","sed",38,36,39
"mf_rep.merged1_all_sed","molecular.formulae","rep.merged1","all","sed",42,37,40
"mf_rep.merged1_all_sed","molecular.formulae","rep.merged1","all","sed",48,38,41
"mf_rep.merged1_all_sed","molecular.formulae","rep.merged1","all","sed",62,39,42
"mf_rep.merged1_all_sed","molecular.formulae","rep.merged1","all","sed",46,40,43
"mf_rep.merged1_all_sed","molecular.formulae","rep.merged1","all","sed",33,41,44
"mf_rep.merged1_all_sed","molecular.formulae","rep.merged1","all","sed",41,42,45
"mf_rep.merged1_all_sed","molecular.formulae","rep.merged1","all","sed",33,43,46
"mf_rep.merged1_all_sed","molecular.formulae","rep.merged1","all","sed",40,44,47
"mf_rep.merged1_all_sed","molecular.formulae","rep.merged1","all","sed",39,45,48
"mf_rep.merged1_all_sed","molecular.formulae","rep.merged1","all","sed",47,46,49
"mf_rep.merged1_all_sed","molecular.formulae","rep.merged1","all","sed",44,47,51
"mf_rep.merged1_all_sed","molecular.formulae","rep.merged1","all","sed",42,48,52
"mf_rep.merged1_all_sed","molecular.formulae","rep.merged1","all","sed",25,49,53
"mf_rep.merged1_all_sed","molecular.formulae","rep.merged1","all","sed",28,50,54
"mf_rep.merged1_all_sed","molecular.formulae","rep.merged1","all","sed",37,51,55
"mf_rep.merged1_all_sed","molecular.formulae","rep.merged1","all","sed",46,52,56
"mf_rep.merged1_all_sed","molecular.formulae","rep.merged1","all","sed",40,53,57
"mf_rep.merged1_all_sed","molecular.formulae","rep.merged1","all","sed",40,54,58
"mf_rep.merged1_all_sed","molecular.formulae","rep.merged1","all","sed",32,55,59
"mf_rep.merged1_all_sed","molecular.formulae","rep.merged1","all","sed",38,56,60
"mf_rep.merged1_all_sed","molecular.formulae","rep.merged1","all","sed",39,57,61
"mf_rep.merged1_all_sed","molecular.formulae","rep.merged1","all","sed",36,58,62
"mf_rep.merged1_all_sed","molecular.formulae","rep.merged1","all","sed",34,59,63
"mf_rep.merged1_all_sed","molecular.formulae","rep.merged1","all","sed",40,60,65
"mf_rep.merged1_all_sed","molecular.formulae","rep.merged1","all","sed",37,61,66
"mf_rep.merged1_all_sed","molecular.formulae","rep.merged1","all","sed",41,62,67
"mf_rep.merged1_all_sed","molecular.formulae","rep.merged1","all","sed",29,63,68
"mf_rep.merged1_all_sed","molecular.formulae","rep.merged1","all","sed",41,64,69
"mf_rep.merged1_all_sed","molecular.formulae","rep.merged1","all","sed",43,65,70
"mf_rep.merged1_all_sed","molecular.formulae","rep.merged1","all","sed",33,66,71
"mf_rep.merged1_all_sed","molecular.formulae","rep.merged1","all","sed",35,67,72
"mf_rep.merged1_all_sed","molecular.formulae","rep.merged1","all","sed",35,68,73
"mf_rep.merged1_all_sed","molecular.formulae","rep.merged1","all","sed",46,69,74
"mf_rep.merged1_all_sed","molecular.formulae","rep.merged1","all","sed",48,70,75
"mf_rep.merged1_all_sed","molecular.formulae","rep.merged1","all","sed",22,71,76
"mf_rep.merged1_all_sed","molecular.formulae","rep.merged1","all","sed",32,72,77
"mf_rep.merged1_all_sed","molecular.formulae","rep.merged1","all","sed",41,73,78
"mf_rep.merged1_all_sed","molecular.formulae","rep.merged1","all","sed",31,74,80
"mf_rep.merged1_all_sed","molecular.formulae","rep.merged1","all","sed",49,75,81
"mf_rep.merged1_all_sed","molecular.formulae","rep.merged1","all","sed",35,76,82
"mf_rep.merged1_all_sed","molecular.formulae","rep.merged1","all","sed",37,77,83
"mf_rep.merged1_all_sed","molecular.formulae","rep.merged1","all","sed",53,78,84
"mf_rep.merged1_all_sed","molecular.formulae","rep.merged1","all","sed",45,79,85
"mf_rep.merged1_all_sed","molecular.formulae","rep.merged1","all","sed",57,80,86
"mf_rep.merged1_all_sed","molecular.formulae","rep.merged1","all","sed",44,81,87
"mf_rep.merged1_all_sed","molecular.formulae","rep.merged1","all","sed",49,82,88
"mf_rep.merged1_all_sed","molecular.formulae","rep.merged1","all","sed",51,83,89
"mf_rep.merged1_all_sed","molecular.formulae","rep.merged1","all","sed",46,84,90
"mf_rep.merged1_all_sed","molecular.formulae","rep.merged1","all","sed",62,85,91
"mf_rep.merged1_all_sed","molecular.formulae","rep.merged1","all","sed",65,86,92
"mf_rep.merged1_all_sed","molecular.formulae","rep.merged1","all","sed",77,87,94
"mf_rep.merged1_all_sed","molecular.formulae","rep.merged1","all","sed",67,88,95
"mf_rep.merged1_all_sed","molecular.formulae","rep.merged1","all","sed",89,89,96
"mf_rep.merged1_all_sed","molecular.formulae","rep.merged1","all","sed",96,90,97
"mf_rep.merged1_all_sed","molecular.formulae","rep.merged1","all","sed",154,91,98
"mf_rep.merged1_all_sed","molecular.formulae","rep.merged1","all","sed",322,92,99
"mf_rep.merged1_all_sed","molecular.formulae","rep.merged1","all","sed",31,93,100
"mf_rep.merged2_all_water","molecular.formulae","rep.merged2","all","water",2346,1,1
"mf_rep.merged2_all_water","molecular.formulae","rep.merged2","all","water",1003,2,2
"mf_rep.merged2_all_water","molecular.formulae","rep.merged2","all","water",609,3,3
"mf_rep.merged2_all_water","molecular.formulae","rep.merged2","all","water",370,4,4
"mf_rep.merged2_all_water","molecular.formulae","rep.merged2","all","water",295,5,5
"mf_rep.merged2_all_water","molecular.formulae","rep.merged2","all","water",259,6,6
"mf_rep.merged2_all_water","molecular.formulae","rep.merged2","all","water",192,7,7
"mf_rep.merged2_all_water","molecular.formulae","rep.merged2","all","water",170,8,8
"mf_rep.merged2_all_water","molecular.formulae","rep.merged2","all","water",156,9,9
"mf_rep.merged2_all_water","molecular.formulae","rep.merged2","all","water",132,10,11
"mf_rep.merged2_all_water","molecular.formulae","rep.merged2","all","water",130,11,12
"mf_rep.merged2_all_water","molecular.formulae","rep.merged2","all","water",106,12,13
"mf_rep.merged2_all_water","molecular.formulae","rep.merged2","all","water",102,13,14
"mf_rep.merged2_all_water","molecular.formulae","rep.merged2","all","water",66,14,15
"mf_rep.merged2_all_water","molecular.formulae","rep.merged2","all","water",76,15,16
"mf_rep.merged2_all_water","molecular.formulae","rep.merged2","all","water",71,16,17
"mf_rep.merged2_all_water","molecular.formulae","rep.merged2","all","water",64,17,18
"mf_rep.merged2_all_water","molecular.formulae","rep.merged2","all","water",59,18,19
"mf_rep.merged2_all_water","molecular.formulae","rep.merged2","all","water",51,19,20
"mf_rep.merged2_all_water","molecular.formulae","rep.merged2","all","water",45,20,21
"mf_rep.merged2_all_water","molecular.formulae","rep.merged2","all","water",43,21,22
"mf_rep.merged2_all_water","molecular.formulae","rep.merged2","all","water",44,22,23
"mf_rep.merged2_all_water","molecular.formulae","rep.merged2","all","water",43,23,24
"mf_rep.merged2_all_water","molecular.formulae","rep.merged2","all","water",40,24,25
"mf_rep.merged2_all_water","molecular.formulae","rep.merged2","all","water",40,25,26
"mf_rep.merged2_all_water","molecular.formulae","rep.merged2","all","water",38,26,27
"mf_rep.merged2_all_water","molecular.formulae","rep.merged2","all","water",39,27,28
"mf_rep.merged2_all_water","molecular.formulae","rep.merged2","all","water",39,28,29
"mf_rep.merged2_all_water","molecular.formulae","rep.merged2","all","water",40,29,31
"mf_rep.merged2_all_water","molecular.formulae","rep.merged2","all","water",31,30,32
"mf_rep.merged2_all_water","molecular.formulae","rep.merged2","all","water",36,31,33
"mf_rep.merged2_all_water","molecular.formulae","rep.merged2","all","water",35,32,34
"mf_rep.merged2_all_water","molecular.formulae","rep.merged2","all","water",29,33,35
"mf_rep.merged2_all_water","molecular.formulae","rep.merged2","all","water",41,34,36
"mf_rep.merged2_all_water","molecular.formulae","rep.merged2","all","water",24,35,37
"mf_rep.merged2_all_water","molecular.formulae","rep.merged2","all","water",33,36,38
"mf_rep.merged2_all_water","molecular.formulae","rep.merged2","all","water",28,37,39
"mf_rep.merged2_all_water","molecular.formulae","rep.merged2","all","water",27,38,40
"mf_rep.merged2_all_water","molecular.formulae","rep.merged2","all","water",31,39,41
"mf_rep.merged2_all_water","molecular.formulae","rep.merged2","all","water",22,40,42
"mf_rep.merged2_all_water","molecular.formulae","rep.merged2","all","water",32,41,43
"mf_rep.merged2_all_water","molecular.formulae","rep.merged2","all","water",17,42,44
"mf_rep.merged2_all_water","molecular.formulae","rep.merged2","all","water",30,43,45
"mf_rep.merged2_all_water","molecular.formulae","rep.merged2","all","water",29,44,46
"mf_rep.merged2_all_water","molecular.formulae","rep.merged2","all","water",18,45,47
"mf_rep.merged2_all_water","molecular.formulae","rep.merged2","all","water",23,46,48
"mf_rep.merged2_all_water","molecular.formulae","rep.merged2","all","water",20,47,49
"mf_rep.merged2_all_water","molecular.formulae","rep.merged2","all","water",24,48,51
"mf_rep.merged2_all_water","molecular.formulae","rep.merged2","all","water",23,49,52
"mf_rep.merged2_all_water","molecular.formulae","rep.merged2","all","water",16,50,53
"mf_rep.merged2_all_water","molecular.formulae","rep.merged2","all","water",31,51,54
"mf_rep.merged2_all_water","molecular.formulae","rep.merged2","all","water",29,52,55
"mf_rep.merged2_all_water","molecular.formulae","rep.merged2","all","water",19,53,56
"mf_rep.merged2_all_water","molecular.formulae","rep.merged2","all","water",24,54,57
"mf_rep.merged2_all_water","molecular.formulae","rep.merged2","all","water",29,55,58
"mf_rep.merged2_all_water","molecular.formulae","rep.merged2","all","water",23,56,59
"mf_rep.merged2_all_water","molecular.formulae","rep.merged2","all","water",24,57,60
"mf_rep.merged2_all_water","molecular.formulae","rep.merged2","all","water",28,58,61
"mf_rep.merged2_all_water","molecular.formulae","rep.merged2","all","water",27,59,62
"mf_rep.merged2_all_water","molecular.formulae","rep.merged2","all","water",31,60,63
"mf_rep.merged2_all_water","molecular.formulae","rep.merged2","all","water",20,61,64
"mf_rep.merged2_all_water","molecular.formulae","rep.merged2","all","water",29,62,65
"mf_rep.merged2_all_water","molecular.formulae","rep.merged2","all","water",23,63,66
"mf_rep.merged2_all_water","molecular.formulae","rep.merged2","all","water",35,64,67
"mf_rep.merged2_all_water","molecular.formulae","rep.merged2","all","water",18,65,68
"mf_rep.merged2_all_water","molecular.formulae","rep.merged2","all","water",27,66,69
"mf_rep.merged2_all_water","molecular.formulae","rep.merged2","all","water",27,67,71
"mf_rep.merged2_all_water","molecular.formulae","rep.merged2","all","water",23,68,72
"mf_rep.merged2_all_water","molecular.formulae","rep.merged2","all","water",30,69,73
"mf_rep.merged2_all_water","molecular.formulae","rep.merged2","all","water",28,70,74
"mf_rep.merged2_all_water","molecular.formulae","rep.merged2","all","water",40,71,75
"mf_rep.merged2_all_water","molecular.formulae","rep.merged2","all","water",31,72,76
"mf_rep.merged2_all_water","molecular.formulae","rep.merged2","all","water",35,73,77
"mf_rep.merged2_all_water","molecular.formulae","rep.merged2","all","water",29,74,78
"mf_rep.merged2_all_water","molecular.formulae","rep.merged2","all","water",28,75,79
"mf_rep.merged2_all_water","molecular.formulae","rep.merged2","all","water",39,76,80
"mf_rep.merged2_all_water","molecular.formulae","rep.merged2","all","water",41,77,81
"mf_rep.merged2_all_water","molecular.formulae","rep.merged2","all","water",39,78,82
"mf_rep.merged2_all_water","molecular.formulae","rep.merged2","all","water",44,79,83
"mf_rep.merged2_all_water","molecular.formulae","rep.merged2","all","water",34,80,84
"mf_rep.merged2_all_water","molecular.formulae","rep.merged2","all","water",36,81,85
"mf_rep.merged2_all_water","molecular.formulae","rep.merged2","all","water",34,82,86
"mf_rep.merged2_all_water","molecular.formulae","rep.merged2","all","water",54,83,87
"mf_rep.merged2_all_water","molecular.formulae","rep.merged2","all","water",49,84,88
"mf_rep.merged2_all_water","molecular.formulae","rep.merged2","all","water",52,85,89
"mf_rep.merged2_all_water","molecular.formulae","rep.merged2","all","water",47,86,91
"mf_rep.merged2_all_water","molecular.formulae","rep.merged2","all","water",49,87,92
"mf_rep.merged2_all_water","molecular.formulae","rep.merged2","all","water",58,88,93
"mf_rep.merged2_all_water","molecular.formulae","rep.merged2","all","water",63,89,94
"mf_rep.merged2_all_water","molecular.formulae","rep.merged2","all","water",71,90,95
"mf_rep.merged2_all_water","molecular.formulae","rep.merged2","all","water",91,91,96
"mf_rep.merged2_all_water","molecular.formulae","rep.merged2","all","water",99,92,97
"mf_rep.merged2_all_water","molecular.formulae","rep.merged2","all","water",119,93,98
"mf_rep.merged2_all_water","molecular.formulae","rep.merged2","all","water",162,94,99
"mf_rep.merged2_all_water","molecular.formulae","rep.merged2","all","water",426,95,100
"mf_rep.merged2_all_sed","molecular.formulae","rep.merged2","all","sed",3728,1,1
"mf_rep.merged2_all_sed","molecular.formulae","rep.merged2","all","sed",857,2,2
"mf_rep.merged2_all_sed","molecular.formulae","rep.merged2","all","sed",455,3,3
"mf_rep.merged2_all_sed","molecular.formulae","rep.merged2","all","sed",344,4,4
"mf_rep.merged2_all_sed","molecular.formulae","rep.merged2","all","sed",254,5,5
"mf_rep.merged2_all_sed","molecular.formulae","rep.merged2","all","sed",219,6,6
"mf_rep.merged2_all_sed","molecular.formulae","rep.merged2","all","sed",153,7,8
"mf_rep.merged2_all_sed","molecular.formulae","rep.merged2","all","sed",143,8,9
"mf_rep.merged2_all_sed","molecular.formulae","rep.merged2","all","sed",122,9,10
"mf_rep.merged2_all_sed","molecular.formulae","rep.merged2","all","sed",91,10,11
"mf_rep.merged2_all_sed","molecular.formulae","rep.merged2","all","sed",93,11,12
"mf_rep.merged2_all_sed","molecular.formulae","rep.merged2","all","sed",82,12,13
"mf_rep.merged2_all_sed","molecular.formulae","rep.merged2","all","sed",87,13,14
"mf_rep.merged2_all_sed","molecular.formulae","rep.merged2","all","sed",75,14,15
"mf_rep.merged2_all_sed","molecular.formulae","rep.merged2","all","sed",76,15,16
"mf_rep.merged2_all_sed","molecular.formulae","rep.merged2","all","sed",68,16,17
"mf_rep.merged2_all_sed","molecular.formulae","rep.merged2","all","sed",88,17,18
"mf_rep.merged2_all_sed","molecular.formulae","rep.merged2","all","sed",57,18,19
"mf_rep.merged2_all_sed","molecular.formulae","rep.merged2","all","sed",48,19,20
"mf_rep.merged2_all_sed","molecular.formulae","rep.merged2","all","sed",39,20,22
"mf_rep.merged2_all_sed","molecular.formulae","rep.merged2","all","sed",48,21,23
"mf_rep.merged2_all_sed","molecular.formulae","rep.merged2","all","sed",48,22,24
"mf_rep.merged2_all_sed","molecular.formulae","rep.merged2","all","sed",47,23,25
"mf_rep.merged2_all_sed","molecular.formulae","rep.merged2","all","sed",35,24,26
"mf_rep.merged2_all_sed","molecular.formulae","rep.merged2","all","sed",45,25,27
"mf_rep.merged2_all_sed","molecular.formulae","rep.merged2","all","sed",38,26,28
"mf_rep.merged2_all_sed","molecular.formulae","rep.merged2","all","sed",41,27,29
"mf_rep.merged2_all_sed","molecular.formulae","rep.merged2","all","sed",35,28,30
"mf_rep.merged2_all_sed","molecular.formulae","rep.merged2","all","sed",36,29,31
"mf_rep.merged2_all_sed","molecular.formulae","rep.merged2","all","sed",34,30,32
"mf_rep.merged2_all_sed","molecular.formulae","rep.merged2","all","sed",29,31,33
"mf_rep.merged2_all_sed","molecular.formulae","rep.merged2","all","sed",34,32,34
"mf_rep.merged2_all_sed","molecular.formulae","rep.merged2","all","sed",37,33,35
"mf_rep.merged2_all_sed","molecular.formulae","rep.merged2","all","sed",28,34,37
"mf_rep.merged2_all_sed","molecular.formulae","rep.merged2","all","sed",36,35,38
"mf_rep.merged2_all_sed","molecular.formulae","rep.merged2","all","sed",36,36,39
"mf_rep.merged2_all_sed","molecular.formulae","rep.merged2","all","sed",30,37,40
"mf_rep.merged2_all_sed","molecular.formulae","rep.merged2","all","sed",30,38,41
"mf_rep.merged2_all_sed","molecular.formulae","rep.merged2","all","sed",43,39,42
"mf_rep.merged2_all_sed","molecular.formulae","rep.merged2","all","sed",31,40,43
"mf_rep.merged2_all_sed","molecular.formulae","rep.merged2","all","sed",36,41,44
"mf_rep.merged2_all_sed","molecular.formulae","rep.merged2","all","sed",24,42,45
"mf_rep.merged2_all_sed","molecular.formulae","rep.merged2","all","sed",28,43,46
"mf_rep.merged2_all_sed","molecular.formulae","rep.merged2","all","sed",25,44,47
"mf_rep.merged2_all_sed","molecular.formulae","rep.merged2","all","sed",29,45,48
"mf_rep.merged2_all_sed","molecular.formulae","rep.merged2","all","sed",22,46,49
"mf_rep.merged2_all_sed","molecular.formulae","rep.merged2","all","sed",26,47,51
"mf_rep.merged2_all_sed","molecular.formulae","rep.merged2","all","sed",24,48,52
"mf_rep.merged2_all_sed","molecular.formulae","rep.merged2","all","sed",24,49,53
"mf_rep.merged2_all_sed","molecular.formulae","rep.merged2","all","sed",20,50,54
"mf_rep.merged2_all_sed","molecular.formulae","rep.merged2","all","sed",31,51,55
"mf_rep.merged2_all_sed","molecular.formulae","rep.merged2","all","sed",21,52,56
"mf_rep.merged2_all_sed","molecular.formulae","rep.merged2","all","sed",33,53,57
"mf_rep.merged2_all_sed","molecular.formulae","rep.merged2","all","sed",28,54,58
"mf_rep.merged2_all_sed","molecular.formulae","rep.merged2","all","sed",20,55,59
"mf_rep.merged2_all_sed","molecular.formulae","rep.merged2","all","sed",27,56,60
"mf_rep.merged2_all_sed","molecular.formulae","rep.merged2","all","sed",26,57,61
"mf_rep.merged2_all_sed","molecular.formulae","rep.merged2","all","sed",36,58,62
"mf_rep.merged2_all_sed","molecular.formulae","rep.merged2","all","sed",23,59,63
"mf_rep.merged2_all_sed","molecular.formulae","rep.merged2","all","sed",20,60,65
"mf_rep.merged2_all_sed","molecular.formulae","rep.merged2","all","sed",25,61,66
"mf_rep.merged2_all_sed","molecular.formulae","rep.merged2","all","sed",34,62,67
"mf_rep.merged2_all_sed","molecular.formulae","rep.merged2","all","sed",23,63,68
"mf_rep.merged2_all_sed","molecular.formulae","rep.merged2","all","sed",19,64,69
"mf_rep.merged2_all_sed","molecular.formulae","rep.merged2","all","sed",29,65,70
"mf_rep.merged2_all_sed","molecular.formulae","rep.merged2","all","sed",33,66,71
"mf_rep.merged2_all_sed","molecular.formulae","rep.merged2","all","sed",36,67,72
"mf_rep.merged2_all_sed","molecular.formulae","rep.merged2","all","sed",21,68,73
"mf_rep.merged2_all_sed","molecular.formulae","rep.merged2","all","sed",29,69,74
"mf_rep.merged2_all_sed","molecular.formulae","rep.merged2","all","sed",21,70,75
"mf_rep.merged2_all_sed","molecular.formulae","rep.merged2","all","sed",23,71,76
"mf_rep.merged2_all_sed","molecular.formulae","rep.merged2","all","sed",29,72,77
"mf_rep.merged2_all_sed","molecular.formulae","rep.merged2","all","sed",32,73,78
"mf_rep.merged2_all_sed","molecular.formulae","rep.merged2","all","sed",23,74,80
"mf_rep.merged2_all_sed","molecular.formulae","rep.merged2","all","sed",23,75,81
"mf_rep.merged2_all_sed","molecular.formulae","rep.merged2","all","sed",26,76,82
"mf_rep.merged2_all_sed","molecular.formulae","rep.merged2","all","sed",26,77,83
"mf_rep.merged2_all_sed","molecular.formulae","rep.merged2","all","sed",40,78,84
"mf_rep.merged2_all_sed","molecular.formulae","rep.merged2","all","sed",33,79,85
"mf_rep.merged2_all_sed","molecular.formulae","rep.merged2","all","sed",17,80,86
"mf_rep.merged2_all_sed","molecular.formulae","rep.merged2","all","sed",28,81,87
"mf_rep.merged2_all_sed","molecular.formulae","rep.merged2","all","sed",31,82,88
"mf_rep.merged2_all_sed","molecular.formulae","rep.merged2","all","sed",37,83,89
"mf_rep.merged2_all_sed","molecular.formulae","rep.merged2","all","sed",37,84,90
"mf_rep.merged2_all_sed","molecular.formulae","rep.merged2","all","sed",38,85,91
"mf_rep.merged2_all_sed","molecular.formulae","rep.merged2","all","sed",32,86,92
"mf_rep.merged2_all_sed","molecular.formulae","rep.merged2","all","sed",57,87,94
"mf_rep.merged2_all_sed","molecular.formulae","rep.merged2","all","sed",55,88,95
"mf_rep.merged2_all_sed","molecular.formulae","rep.merged2","all","sed",64,89,96
"mf_rep.merged2_all_sed","molecular.formulae","rep.merged2","all","sed",55,90,97
"mf_rep.merged2_all_sed","molecular.formulae","rep.merged2","all","sed",74,91,98
"mf_rep.merged2_all_sed","molecular.formulae","rep.merged2","all","sed",182,92,99
"mf_rep.merged2_all_sed","molecular.formulae","rep.merged2","all","sed",16,93,100
"mz_rep.merged1_all_water","peaks","rep.merged1","all","water",23588,1,1
"mz_rep.merged1_all_water","peaks","rep.merged1","all","water",5441,2,2
"mz_rep.merged1_all_water","peaks","rep.merged1","all","water",3001,3,3
"mz_rep.merged1_all_water","peaks","rep.merged1","all","water",1949,4,4
"mz_rep.merged1_all_water","peaks","rep.merged1","all","water",1432,5,5
"mz_rep.merged1_all_water","peaks","rep.merged1","all","water",1063,6,6
"mz_rep.merged1_all_water","peaks","rep.merged1","all","water",893,7,7
"mz_rep.merged1_all_water","peaks","rep.merged1","all","water",686,8,8
"mz_rep.merged1_all_water","peaks","rep.merged1","all","water",558,9,9
"mz_rep.merged1_all_water","peaks","rep.merged1","all","water",493,10,11
"mz_rep.merged1_all_water","peaks","rep.merged1","all","water",461,11,12
"mz_rep.merged1_all_water","peaks","rep.merged1","all","water",366,12,13
"mz_rep.merged1_all_water","peaks","rep.merged1","all","water",305,13,14
"mz_rep.merged1_all_water","peaks","rep.merged1","all","water",331,14,15
"mz_rep.merged1_all_water","peaks","rep.merged1","all","water",263,15,16
"mz_rep.merged1_all_water","peaks","rep.merged1","all","water",257,16,17
"mz_rep.merged1_all_water","peaks","rep.merged1","all","water",259,17,18
"mz_rep.merged1_all_water","peaks","rep.merged1","all","water",249,18,19
"mz_rep.merged1_all_water","peaks","rep.merged1","all","water",205,19,20
"mz_rep.merged1_all_water","peaks","rep.merged1","all","water",148,20,21
"mz_rep.merged1_all_water","peaks","rep.merged1","all","water",175,21,22
"mz_rep.merged1_all_water","peaks","rep.merged1","all","water",173,22,23
"mz_rep.merged1_all_water","peaks","rep.merged1","all","water",172,23,24
"mz_rep.merged1_all_water","peaks","rep.merged1","all","water",149,24,25
"mz_rep.merged1_all_water","peaks","rep.merged1","all","water",141,25,26
"mz_rep.merged1_all_water","peaks","rep.merged1","all","water",123,26,27
"mz_rep.merged1_all_water","peaks","rep.merged1","all","water",117,27,28
"mz_rep.merged1_all_water","peaks","rep.merged1","all","water",119,28,29
"mz_rep.merged1_all_water","peaks","rep.merged1","all","water",109,29,31
"mz_rep.merged1_all_water","peaks","rep.merged1","all","water",132,30,32
"mz_rep.merged1_all_water","peaks","rep.merged1","all","water",104,31,33
"mz_rep.merged1_all_water","peaks","rep.merged1","all","water",98,32,34
"mz_rep.merged1_all_water","peaks","rep.merged1","all","water",100,33,35
"mz_rep.merged1_all_water","peaks","rep.merged1","all","water",82,34,36
"mz_rep.merged1_all_water","peaks","rep.merged1","all","water",72,35,37
"mz_rep.merged1_all_water","peaks","rep.merged1","all","water",77,36,38
"mz_rep.merged1_all_water","peaks","rep.merged1","all","water",86,37,39
"mz_rep.merged1_all_water","peaks","rep.merged1","all","water",71,38,40
"mz_rep.merged1_all_water","peaks","rep.merged1","all","water",66,39,41
"mz_rep.merged1_all_water","peaks","rep.merged1","all","water",60,40,42
"mz_rep.merged1_all_water","peaks","rep.merged1","all","water",74,41,43
"mz_rep.merged1_all_water","peaks","rep.merged1","all","water",59,42,44
"mz_rep.merged1_all_water","peaks","rep.merged1","all","water",56,43,45
"mz_rep.merged1_all_water","peaks","rep.merged1","all","water",84,44,46
"mz_rep.merged1_all_water","peaks","rep.merged1","all","water",52,45,47
"mz_rep.merged1_all_water","peaks","rep.merged1","all","water",54,46,48
"mz_rep.merged1_all_water","peaks","rep.merged1","all","water",47,47,49
"mz_rep.merged1_all_water","peaks","rep.merged1","all","water",62,48,51
"mz_rep.merged1_all_water","peaks","rep.merged1","all","water",58,49,52
"mz_rep.merged1_all_water","peaks","rep.merged1","all","water",55,50,53
"mz_rep.merged1_all_water","peaks","rep.merged1","all","water",48,51,54
"mz_rep.merged1_all_water","peaks","rep.merged1","all","water",44,52,55
"mz_rep.merged1_all_water","peaks","rep.merged1","all","water",52,53,56
"mz_rep.merged1_all_water","peaks","rep.merged1","all","water",47,54,57
"mz_rep.merged1_all_water","peaks","rep.merged1","all","water",41,55,58
"mz_rep.merged1_all_water","peaks","rep.merged1","all","water",48,56,59
"mz_rep.merged1_all_water","peaks","rep.merged1","all","water",34,57,60
"mz_rep.merged1_all_water","peaks","rep.merged1","all","water",51,58,61
"mz_rep.merged1_all_water","peaks","rep.merged1","all","water",27,59,62
"mz_rep.merged1_all_water","peaks","rep.merged1","all","water",47,60,63
"mz_rep.merged1_all_water","peaks","rep.merged1","all","water",36,61,64
"mz_rep.merged1_all_water","peaks","rep.merged1","all","water",42,62,65
"mz_rep.merged1_all_water","peaks","rep.merged1","all","water",37,63,66
"mz_rep.merged1_all_water","peaks","rep.merged1","all","water",40,64,67
"mz_rep.merged1_all_water","peaks","rep.merged1","all","water",40,65,68
"mz_rep.merged1_all_water","peaks","rep.merged1","all","water",44,66,69
"mz_rep.merged1_all_water","peaks","rep.merged1","all","water",52,67,71
"mz_rep.merged1_all_water","peaks","rep.merged1","all","water",40,68,72
"mz_rep.merged1_all_water","peaks","rep.merged1","all","water",37,69,73
"mz_rep.merged1_all_water","peaks","rep.merged1","all","water",50,70,74
"mz_rep.merged1_all_water","peaks","rep.merged1","all","water",48,71,75
"mz_rep.merged1_all_water","peaks","rep.merged1","all","water",50,72,76
"mz_rep.merged1_all_water","peaks","rep.merged1","all","water",51,73,77
"mz_rep.merged1_all_water","peaks","rep.merged1","all","water",46,74,78
"mz_rep.merged1_all_water","peaks","rep.merged1","all","water",57,75,79
"mz_rep.merged1_all_water","peaks","rep.merged1","all","water",43,76,80
"mz_rep.merged1_all_water","peaks","rep.merged1","all","water",41,77,81
"mz_rep.merged1_all_water","peaks","rep.merged1","all","water",44,78,82
"mz_rep.merged1_all_water","peaks","rep.merged1","all","water",50,79,83
"mz_rep.merged1_all_water","peaks","rep.merged1","all","water",59,80,84
"mz_rep.merged1_all_water","peaks","rep.merged1","all","water",47,81,85
"mz_rep.merged1_all_water","peaks","rep.merged1","all","water",63,82,86
"mz_rep.merged1_all_water","peaks","rep.merged1","all","water",60,83,87
"mz_rep.merged1_all_water","peaks","rep.merged1","all","water",67,84,88
"mz_rep.merged1_all_water","peaks","rep.merged1","all","water",59,85,89
"mz_rep.merged1_all_water","peaks","rep.merged1","all","water",79,86,91
"mz_rep.merged1_all_water","peaks","rep.merged1","all","water",79,87,92
"mz_rep.merged1_all_water","peaks","rep.merged1","all","water",76,88,93
"mz_rep.merged1_all_water","peaks","rep.merged1","all","water",97,89,94
"mz_rep.merged1_all_water","peaks","rep.merged1","all","water",99,90,95
"mz_rep.merged1_all_water","peaks","rep.merged1","all","water",124,91,96
"mz_rep.merged1_all_water","peaks","rep.merged1","all","water",140,92,97
"mz_rep.merged1_all_water","peaks","rep.merged1","all","water",223,93,98
"mz_rep.merged1_all_water","peaks","rep.merged1","all","water",340,94,99
"mz_rep.merged1_all_water","peaks","rep.merged1","all","water",779,95,100
"mz_rep.merged1_all_sed","peaks","rep.merged1","all","sed",30035,1,1
"mz_rep.merged1_all_sed","peaks","rep.merged1","all","sed",6978,2,2
"mz_rep.merged1_all_sed","peaks","rep.merged1","all","sed",3689,3,3
"mz_rep.merged1_all_sed","peaks","rep.merged1","all","sed",2353,4,4
"mz_rep.merged1_all_sed","peaks","rep.merged1","all","sed",1660,5,5
"mz_rep.merged1_all_sed","peaks","rep.merged1","all","sed",1307,6,6
"mz_rep.merged1_all_sed","peaks","rep.merged1","all","sed",984,7,8
"mz_rep.merged1_all_sed","peaks","rep.merged1","all","sed",847,8,9
"mz_rep.merged1_all_sed","peaks","rep.merged1","all","sed",669,9,10
"mz_rep.merged1_all_sed","peaks","rep.merged1","all","sed",574,10,11
"mz_rep.merged1_all_sed","peaks","rep.merged1","all","sed",518,11,12
"mz_rep.merged1_all_sed","peaks","rep.merged1","all","sed",402,12,13
"mz_rep.merged1_all_sed","peaks","rep.merged1","all","sed",364,13,14
"mz_rep.merged1_all_sed","peaks","rep.merged1","all","sed",331,14,15
"mz_rep.merged1_all_sed","peaks","rep.merged1","all","sed",313,15,16
"mz_rep.merged1_all_sed","peaks","rep.merged1","all","sed",288,16,17
"mz_rep.merged1_all_sed","peaks","rep.merged1","all","sed",278,17,18
"mz_rep.merged1_all_sed","peaks","rep.merged1","all","sed",246,18,19
"mz_rep.merged1_all_sed","peaks","rep.merged1","all","sed",225,19,20
"mz_rep.merged1_all_sed","peaks","rep.merged1","all","sed",201,20,22
"mz_rep.merged1_all_sed","peaks","rep.merged1","all","sed",188,21,23
"mz_rep.merged1_all_sed","peaks","rep.merged1","all","sed",189,22,24
"mz_rep.merged1_all_sed","peaks","rep.merged1","all","sed",163,23,25
"mz_rep.merged1_all_sed","peaks","rep.merged1","all","sed",176,24,26
"mz_rep.merged1_all_sed","peaks","rep.merged1","all","sed",138,25,27
"mz_rep.merged1_all_sed","peaks","rep.merged1","all","sed",123,26,28
"mz_rep.merged1_all_sed","peaks","rep.merged1","all","sed",143,27,29
"mz_rep.merged1_all_sed","peaks","rep.merged1","all","sed",98,28,30
"mz_rep.merged1_all_sed","peaks","rep.merged1","all","sed",100,29,31
"mz_rep.merged1_all_sed","peaks","rep.merged1","all","sed",111,30,32
"mz_rep.merged1_all_sed","peaks","rep.merged1","all","sed",95,31,33
"mz_rep.merged1_all_sed","peaks","rep.merged1","all","sed",114,32,34
"mz_rep.merged1_all_sed","peaks","rep.merged1","all","sed",98,33,35
"mz_rep.merged1_all_sed","peaks","rep.merged1","all","sed",96,34,37
"mz_rep.merged1_all_sed","peaks","rep.merged1","all","sed",85,35,38
"mz_rep.merged1_all_sed","peaks","rep.merged1","all","sed",76,36,39
"mz_rep.merged1_all_sed","peaks","rep.merged1","all","sed",77,37,40
"mz_rep.merged1_all_sed","peaks","rep.merged1","all","sed",74,38,41
"mz_rep.merged1_all_sed","peaks","rep.merged1","all","sed",91,39,42
"mz_rep.merged1_all_sed","peaks","rep.merged1","all","sed",76,40,43
"mz_rep.merged1_all_sed","peaks","rep.merged1","all","sed",64,41,44
"mz_rep.merged1_all_sed","peaks","rep.merged1","all","sed",64,42,45
"mz_rep.merged1_all_sed","peaks","rep.merged1","all","sed",68,43,46
"mz_rep.merged1_all_sed","peaks","rep.merged1","all","sed",69,44,47
"mz_rep.merged1_all_sed","peaks","rep.merged1","all","sed",63,45,48
"mz_rep.merged1_all_sed","peaks","rep.merged1","all","sed",65,46,49
"mz_rep.merged1_all_sed","peaks","rep.merged1","all","sed",66,47,51
"mz_rep.merged1_all_sed","peaks","rep.merged1","all","sed",61,48,52
"mz_rep.merged1_all_sed","peaks","rep.merged1","all","sed",47,49,53
"mz_rep.merged1_all_sed","peaks","rep.merged1","all","sed",50,50,54
"mz_rep.merged1_all_sed","peaks","rep.merged1","all","sed",62,51,55
"mz_rep.merged1_all_sed","peaks","rep.merged1","all","sed",70,52,56
"mz_rep.merged1_all_sed","peaks","rep.merged1","all","sed",58,53,57
"mz_rep.merged1_all_sed","peaks","rep.merged1","all","sed",59,54,58
"mz_rep.merged1_all_sed","peaks","rep.merged1","all","sed",48,55,59
"mz_rep.merged1_all_sed","peaks","rep.merged1","all","sed",55,56,60
"mz_rep.merged1_all_sed","peaks","rep.merged1","all","sed",61,57,61
"mz_rep.merged1_all_sed","peaks","rep.merged1","all","sed",51,58,62
"mz_rep.merged1_all_sed","peaks","rep.merged1","all","sed",49,59,63
"mz_rep.merged1_all_sed","peaks","rep.merged1","all","sed",63,60,65
"mz_rep.merged1_all_sed","peaks","rep.merged1","all","sed",52,61,66
"mz_rep.merged1_all_sed","peaks","rep.merged1","all","sed",70,62,67
"mz_rep.merged1_all_sed","peaks","rep.merged1","all","sed",46,63,68
"mz_rep.merged1_all_sed","peaks","rep.merged1","all","sed",58,64,69
"mz_rep.merged1_all_sed","peaks","rep.merged1","all","sed",78,65,70
"mz_rep.merged1_all_sed","peaks","rep.merged1","all","sed",45,66,71
"mz_rep.merged1_all_sed","peaks","rep.merged1","all","sed",46,67,72
"mz_rep.merged1_all_sed","peaks","rep.merged1","all","sed",60,68,73
"mz_rep.merged1_all_sed","peaks","rep.merged1","all","sed",65,69,74
"mz_rep.merged1_all_sed","peaks","rep.merged1","all","sed",65,70,75
"mz_rep.merged1_all_sed","peaks","rep.merged1","all","sed",49,71,76
"mz_rep.merged1_all_sed","peaks","rep.merged1","all","sed",56,72,77
"mz_rep.merged1_all_sed","peaks","rep.merged1","all","sed",65,73,78
"mz_rep.merged1_all_sed","peaks","rep.merged1","all","sed",55,74,80
"mz_rep.merged1_all_sed","peaks","rep.merged1","all","sed",76,75,81
"mz_rep.merged1_all_sed","peaks","rep.merged1","all","sed",55,76,82
"mz_rep.merged1_all_sed","peaks","rep.merged1","all","sed",72,77,83
"mz_rep.merged1_all_sed","peaks","rep.merged1","all","sed",73,78,84
"mz_rep.merged1_all_sed","peaks","rep.merged1","all","sed",61,79,85
"mz_rep.merged1_all_sed","peaks","rep.merged1","all","sed",80,80,86
"mz_rep.merged1_all_sed","peaks","rep.merged1","all","sed",69,81,87
"mz_rep.merged1_all_sed","peaks","rep.merged1","all","sed",72,82,88
"mz_rep.merged1_all_sed","peaks","rep.merged1","all","sed",81,83,89
"mz_rep.merged1_all_sed","peaks","rep.merged1","all","sed",72,84,90
"mz_rep.merged1_all_sed","peaks","rep.merged1","all","sed",87,85,91
"mz_rep.merged1_all_sed","peaks","rep.merged1","all","sed",100,86,92
"mz_rep.merged1_all_sed","peaks","rep.merged1","all","sed",100,87,94
"mz_rep.merged1_all_sed","peaks","rep.merged1","all","sed",122,88,95
"mz_rep.merged1_all_sed","peaks","rep.merged1","all","sed",143,89,96
"mz_rep.merged1_all_sed","peaks","rep.merged1","all","sed",169,90,97
"mz_rep.merged1_all_sed","peaks","rep.merged1","all","sed",261,91,98
"mz_rep.merged1_all_sed","peaks","rep.merged1","all","sed",601,92,99
"mz_rep.merged1_all_sed","peaks","rep.merged1","all","sed",53,93,100
"mz_rep.merged2_all_water","peaks","rep.merged2","all","water",4468,1,1
"mz_rep.merged2_all_water","peaks","rep.merged2","all","water",1636,2,2
"mz_rep.merged2_all_water","peaks","rep.merged2","all","water",909,3,3
"mz_rep.merged2_all_water","peaks","rep.merged2","all","water",580,4,4
"mz_rep.merged2_all_water","peaks","rep.merged2","all","water",405,5,5
"mz_rep.merged2_all_water","peaks","rep.merged2","all","water",364,6,6
"mz_rep.merged2_all_water","peaks","rep.merged2","all","water",254,7,7
"mz_rep.merged2_all_water","peaks","rep.merged2","all","water",234,8,8
"mz_rep.merged2_all_water","peaks","rep.merged2","all","water",197,9,9
"mz_rep.merged2_all_water","peaks","rep.merged2","all","water",182,10,11
"mz_rep.merged2_all_water","peaks","rep.merged2","all","water",183,11,12
"mz_rep.merged2_all_water","peaks","rep.merged2","all","water",128,12,13
"mz_rep.merged2_all_water","peaks","rep.merged2","all","water",146,13,14
"mz_rep.merged2_all_water","peaks","rep.merged2","all","water",98,14,15
"mz_rep.merged2_all_water","peaks","rep.merged2","all","water",100,15,16
"mz_rep.merged2_all_water","peaks","rep.merged2","all","water",86,16,17
"mz_rep.merged2_all_water","peaks","rep.merged2","all","water",81,17,18
"mz_rep.merged2_all_water","peaks","rep.merged2","all","water",80,18,19
"mz_rep.merged2_all_water","peaks","rep.merged2","all","water",70,19,20
"mz_rep.merged2_all_water","peaks","rep.merged2","all","water",66,20,21
"mz_rep.merged2_all_water","peaks","rep.merged2","all","water",61,21,22
"mz_rep.merged2_all_water","peaks","rep.merged2","all","water",61,22,23
"mz_rep.merged2_all_water","peaks","rep.merged2","all","water",60,23,24
"mz_rep.merged2_all_water","peaks","rep.merged2","all","water",62,24,25
"mz_rep.merged2_all_water","peaks","rep.merged2","all","water",44,25,26
"mz_rep.merged2_all_water","peaks","rep.merged2","all","water",50,26,27
"mz_rep.merged2_all_water","peaks","rep.merged2","all","water",48,27,28
"mz_rep.merged2_all_water","peaks","rep.merged2","all","water",59,28,29
"mz_rep.merged2_all_water","peaks","rep.merged2","all","water",47,29,31
"mz_rep.merged2_all_water","peaks","rep.merged2","all","water",47,30,32
"mz_rep.merged2_all_water","peaks","rep.merged2","all","water",37,31,33
"mz_rep.merged2_all_water","peaks","rep.merged2","all","water",47,32,34
"mz_rep.merged2_all_water","peaks","rep.merged2","all","water",46,33,35
"mz_rep.merged2_all_water","peaks","rep.merged2","all","water",38,34,36
"mz_rep.merged2_all_water","peaks","rep.merged2","all","water",32,35,37
"mz_rep.merged2_all_water","peaks","rep.merged2","all","water",36,36,38
"mz_rep.merged2_all_water","peaks","rep.merged2","all","water",31,37,39
"mz_rep.merged2_all_water","peaks","rep.merged2","all","water",35,38,40
"mz_rep.merged2_all_water","peaks","rep.merged2","all","water",31,39,41
"mz_rep.merged2_all_water","peaks","rep.merged2","all","water",37,40,42
"mz_rep.merged2_all_water","peaks","rep.merged2","all","water",38,41,43
"mz_rep.merged2_all_water","peaks","rep.merged2","all","water",32,42,44
"mz_rep.merged2_all_water","peaks","rep.merged2","all","water",34,43,45
"mz_rep.merged2_all_water","peaks","rep.merged2","all","water",41,44,46
"mz_rep.merged2_all_water","peaks","rep.merged2","all","water",27,45,47
"mz_rep.merged2_all_water","peaks","rep.merged2","all","water",31,46,48
"mz_rep.merged2_all_water","peaks","rep.merged2","all","water",31,47,49
"mz_rep.merged2_all_water","peaks","rep.merged2","all","water",23,48,51
"mz_rep.merged2_all_water","peaks","rep.merged2","all","water",34,49,52
"mz_rep.merged2_all_water","peaks","rep.merged2","all","water",23,50,53
"mz_rep.merged2_all_water","peaks","rep.merged2","all","water",31,51,54
"mz_rep.merged2_all_water","peaks","rep.merged2","all","water",34,52,55
"mz_rep.merged2_all_water","peaks","rep.merged2","all","water",30,53,56
"mz_rep.merged2_all_water","peaks","rep.merged2","all","water",28,54,57
"mz_rep.merged2_all_water","peaks","rep.merged2","all","water",37,55,58
"mz_rep.merged2_all_water","peaks","rep.merged2","all","water",30,56,59
"mz_rep.merged2_all_water","peaks","rep.merged2","all","water",26,57,60
"mz_rep.merged2_all_water","peaks","rep.merged2","all","water",30,58,61
"mz_rep.merged2_all_water","peaks","rep.merged2","all","water",30,59,62
"mz_rep.merged2_all_water","peaks","rep.merged2","all","water",45,60,63
"mz_rep.merged2_all_water","peaks","rep.merged2","all","water",34,61,64
"mz_rep.merged2_all_water","peaks","rep.merged2","all","water",36,62,65
"mz_rep.merged2_all_water","peaks","rep.merged2","all","water",28,63,66
"mz_rep.merged2_all_water","peaks","rep.merged2","all","water",37,64,67
"mz_rep.merged2_all_water","peaks","rep.merged2","all","water",27,65,68
"mz_rep.merged2_all_water","peaks","rep.merged2","all","water",33,66,69
"mz_rep.merged2_all_water","peaks","rep.merged2","all","water",28,67,71
"mz_rep.merged2_all_water","peaks","rep.merged2","all","water",35,68,72
"mz_rep.merged2_all_water","peaks","rep.merged2","all","water",41,69,73
"mz_rep.merged2_all_water","peaks","rep.merged2","all","water",31,70,74
"mz_rep.merged2_all_water","peaks","rep.merged2","all","water",52,71,75
"mz_rep.merged2_all_water","peaks","rep.merged2","all","water",33,72,76
"mz_rep.merged2_all_water","peaks","rep.merged2","all","water",42,73,77
"mz_rep.merged2_all_water","peaks","rep.merged2","all","water",42,74,78
"mz_rep.merged2_all_water","peaks","rep.merged2","all","water",37,75,79
"mz_rep.merged2_all_water","peaks","rep.merged2","all","water",53,76,80
"mz_rep.merged2_all_water","peaks","rep.merged2","all","water",47,77,81
"mz_rep.merged2_all_water","peaks","rep.merged2","all","water",43,78,82
"mz_rep.merged2_all_water","peaks","rep.merged2","all","water",59,79,83
"mz_rep.merged2_all_water","peaks","rep.merged2","all","water",41,80,84
"mz_rep.merged2_all_water","peaks","rep.merged2","all","water",36,81,85
"mz_rep.merged2_all_water","peaks","rep.merged2","all","water",36,82,86
"mz_rep.merged2_all_water","peaks","rep.merged2","all","water",58,83,87
"mz_rep.merged2_all_water","peaks","rep.merged2","all","water",50,84,88
"mz_rep.merged2_all_water","peaks","rep.merged2","all","water",67,85,89
"mz_rep.merged2_all_water","peaks","rep.merged2","all","water",57,86,91
"mz_rep.merged2_all_water","peaks","rep.merged2","all","water",64,87,92
"mz_rep.merged2_all_water","peaks","rep.merged2","all","water",69,88,93
"mz_rep.merged2_all_water","peaks","rep.merged2","all","water",78,89,94
"mz_rep.merged2_all_water","peaks","rep.merged2","all","water",86,90,95
"mz_rep.merged2_all_water","peaks","rep.merged2","all","water",109,91,96
"mz_rep.merged2_all_water","peaks","rep.merged2","all","water",111,92,97
"mz_rep.merged2_all_water","peaks","rep.merged2","all","water",149,93,98
"mz_rep.merged2_all_water","peaks","rep.merged2","all","water",193,94,99
"mz_rep.merged2_all_water","peaks","rep.merged2","all","water",480,95,100
"mz_rep.merged2_all_sed","peaks","rep.merged2","all","sed",9707,1,1
"mz_rep.merged2_all_sed","peaks","rep.merged2","all","sed",1854,2,2
"mz_rep.merged2_all_sed","peaks","rep.merged2","all","sed",950,3,3
"mz_rep.merged2_all_sed","peaks","rep.merged2","all","sed",679,4,4
"mz_rep.merged2_all_sed","peaks","rep.merged2","all","sed",488,5,5
"mz_rep.merged2_all_sed","peaks","rep.merged2","all","sed",359,6,6
"mz_rep.merged2_all_sed","peaks","rep.merged2","all","sed",287,7,8
"mz_rep.merged2_all_sed","peaks","rep.merged2","all","sed",235,8,9
"mz_rep.merged2_all_sed","peaks","rep.merged2","all","sed",232,9,10
"mz_rep.merged2_all_sed","peaks","rep.merged2","all","sed",164,10,11
"mz_rep.merged2_all_sed","peaks","rep.merged2","all","sed",166,11,12
"mz_rep.merged2_all_sed","peaks","rep.merged2","all","sed",152,12,13
"mz_rep.merged2_all_sed","peaks","rep.merged2","all","sed",132,13,14
"mz_rep.merged2_all_sed","peaks","rep.merged2","all","sed",155,14,15
"mz_rep.merged2_all_sed","peaks","rep.merged2","all","sed",110,15,16
"mz_rep.merged2_all_sed","peaks","rep.merged2","all","sed",106,16,17
"mz_rep.merged2_all_sed","peaks","rep.merged2","all","sed",127,17,18
"mz_rep.merged2_all_sed","peaks","rep.merged2","all","sed",93,18,19
"mz_rep.merged2_all_sed","peaks","rep.merged2","all","sed",74,19,20
"mz_rep.merged2_all_sed","peaks","rep.merged2","all","sed",62,20,22
"mz_rep.merged2_all_sed","peaks","rep.merged2","all","sed",71,21,23
"mz_rep.merged2_all_sed","peaks","rep.merged2","all","sed",61,22,24
"mz_rep.merged2_all_sed","peaks","rep.merged2","all","sed",70,23,25
"mz_rep.merged2_all_sed","peaks","rep.merged2","all","sed",57,24,26
"mz_rep.merged2_all_sed","peaks","rep.merged2","all","sed",65,25,27
"mz_rep.merged2_all_sed","peaks","rep.merged2","all","sed",70,26,28
"mz_rep.merged2_all_sed","peaks","rep.merged2","all","sed",65,27,29
"mz_rep.merged2_all_sed","peaks","rep.merged2","all","sed",53,28,30
"mz_rep.merged2_all_sed","peaks","rep.merged2","all","sed",64,29,31
"mz_rep.merged2_all_sed","peaks","rep.merged2","all","sed",55,30,32
"mz_rep.merged2_all_sed","peaks","rep.merged2","all","sed",48,31,33
"mz_rep.merged2_all_sed","peaks","rep.merged2","all","sed",69,32,34
"mz_rep.merged2_all_sed","peaks","rep.merged2","all","sed",63,33,35
"mz_rep.merged2_all_sed","peaks","rep.merged2","all","sed",52,34,37
"mz_rep.merged2_all_sed","peaks","rep.merged2","all","sed",47,35,38
"mz_rep.merged2_all_sed","peaks","rep.merged2","all","sed",57,36,39
"mz_rep.merged2_all_sed","peaks","rep.merged2","all","sed",39,37,40
"mz_rep.merged2_all_sed","peaks","rep.merged2","all","sed",52,38,41
"mz_rep.merged2_all_sed","peaks","rep.merged2","all","sed",56,39,42
"mz_rep.merged2_all_sed","peaks","rep.merged2","all","sed",45,40,43
"mz_rep.merged2_all_sed","peaks","rep.merged2","all","sed",50,41,44
"mz_rep.merged2_all_sed","peaks","rep.merged2","all","sed",38,42,45
"mz_rep.merged2_all_sed","peaks","rep.merged2","all","sed",42,43,46
"mz_rep.merged2_all_sed","peaks","rep.merged2","all","sed",37,44,47
"mz_rep.merged2_all_sed","peaks","rep.merged2","all","sed",47,45,48
"mz_rep.merged2_all_sed","peaks","rep.merged2","all","sed",40,46,49
"mz_rep.merged2_all_sed","peaks","rep.merged2","all","sed",40,47,51
"mz_rep.merged2_all_sed","peaks","rep.merged2","all","sed",30,48,52
"mz_rep.merged2_all_sed","peaks","rep.merged2","all","sed",40,49,53
"mz_rep.merged2_all_sed","peaks","rep.merged2","all","sed",39,50,54
"mz_rep.merged2_all_sed","peaks","rep.merged2","all","sed",48,51,55
"mz_rep.merged2_all_sed","peaks","rep.merged2","all","sed",36,52,56
"mz_rep.merged2_all_sed","peaks","rep.merged2","all","sed",43,53,57
"mz_rep.merged2_all_sed","peaks","rep.merged2","all","sed",38,54,58
"mz_rep.merged2_all_sed","peaks","rep.merged2","all","sed",32,55,59
"mz_rep.merged2_all_sed","peaks","rep.merged2","all","sed",43,56,60
"mz_rep.merged2_all_sed","peaks","rep.merged2","all","sed",42,57,61
"mz_rep.merged2_all_sed","peaks","rep.merged2","all","sed",38,58,62
"mz_rep.merged2_all_sed","peaks","rep.merged2","all","sed",53,59,63
"mz_rep.merged2_all_sed","peaks","rep.merged2","all","sed",30,60,65
"mz_rep.merged2_all_sed","peaks","rep.merged2","all","sed",32,61,66
"mz_rep.merged2_all_sed","peaks","rep.merged2","all","sed",49,62,67
"mz_rep.merged2_all_sed","peaks","rep.merged2","all","sed",38,63,68
"mz_rep.merged2_all_sed","peaks","rep.merged2","all","sed",24,64,69
"mz_rep.merged2_all_sed","peaks","rep.merged2","all","sed",42,65,70
"mz_rep.merged2_all_sed","peaks","rep.merged2","all","sed",39,66,71
"mz_rep.merged2_all_sed","peaks","rep.merged2","all","sed",38,67,72
"mz_rep.merged2_all_sed","peaks","rep.merged2","all","sed",28,68,73
"mz_rep.merged2_all_sed","peaks","rep.merged2","all","sed",36,69,74
"mz_rep.merged2_all_sed","peaks","rep.merged2","all","sed",35,70,75
"mz_rep.merged2_all_sed","peaks","rep.merged2","all","sed",42,71,76
"mz_rep.merged2_all_sed","peaks","rep.merged2","all","sed",40,72,77
"mz_rep.merged2_all_sed","peaks","rep.merged2","all","sed",39,73,78
"mz_rep.merged2_all_sed","peaks","rep.merged2","all","sed",37,74,80
"mz_rep.merged2_all_sed","peaks","rep.merged2","all","sed",35,75,81
"mz_rep.merged2_all_sed","peaks","rep.merged2","all","sed",46,76,82
"mz_rep.merged2_all_sed","peaks","rep.merged2","all","sed",42,77,83
"mz_rep.merged2_all_sed","peaks","rep.merged2","all","sed",56,78,84
"mz_rep.merged2_all_sed","peaks","rep.merged2","all","sed",45,79,85
"mz_rep.merged2_all_sed","peaks","rep.merged2","all","sed",39,80,86
"mz_rep.merged2_all_sed","peaks","rep.merged2","all","sed",57,81,87
"mz_rep.merged2_all_sed","peaks","rep.merged2","all","sed",49,82,88
"mz_rep.merged2_all_sed","peaks","rep.merged2","all","sed",68,83,89
"mz_rep.merged2_all_sed","peaks","rep.merged2","all","sed",51,84,90
"mz_rep.merged2_all_sed","peaks","rep.merged2","all","sed",60,85,91
"mz_rep.merged2_all_sed","peaks","rep.merged2","all","sed",61,86,92
"mz_rep.merged2_all_sed","peaks","rep.merged2","all","sed",86,87,94
"mz_rep.merged2_all_sed","peaks","rep.merged2","all","sed",77,88,95
"mz_rep.merged2_all_sed","peaks","rep.merged2","all","sed",103,89,96
"mz_rep.merged2_all_sed","peaks","rep.merged2","all","sed",93,90,97
"mz_rep.merged2_all_sed","peaks","rep.merged2","all","sed",122,91,98
"mz_rep.merged2_all_sed","peaks","rep.merged2","all","sed",368,92,99
"mz_rep.merged2_all_sed","peaks","rep.merged2","all","sed",30,93,100
